time_s,phase,events,east_m,north_m,altitude_m,east_velocity_mps,north_velocity_mps,vertical_velocity_mps,mach,aoa_deg,dynamic_pressure_pa,static_margin_calibers,wind_east_mps,wind_north_mps
0.009998,0,0,0.000000,0.000000,0.000000,0.000000,0.000000,0.000000,0.00000000,0.00000000,0.000000,9.06769991,0.000000,0.000000
0.219963,1,1,0.000000,0.000000,1.871460,0.000000,0.000000,19.163841,0.05319828,0.00000000,200.689331,9.21279150,0.000000,0.000000
0.479919,1,0,0.000000,0.000000,10.597778,0.000786,0.000000,46.831947,0.13457108,0.00007641,1282.921631,9.42344946,0.000000,0.000000
0.739876,1,0,0.000000,0.000000,26.335571,0.001123,0.000000,72.848749,0.21133077,0.00000448,3158.126831,9.62939060,0.000000,0.000000
0.999832,1,0,0.000000,0.000000,48.492188,0.001541,0.000000,96.218950,0.28043425,0.00001601,5546.797241,9.82503664,0.000000,0.000000
1.259789,1,0,0.000000,0.000000,76.256592,0.001907,0.000000,115.922871,0.33896983,0.00001323,8077.673340,10.00358683,0.000000,0.000000
1.519745,1,0,0.000000,0.000000,108.456421,0.002176,0.000000,130.221863,0.38186419,0.00000598,10212.483643,10.15146804,0.000000,0.000000
1.779701,1,0,0.000000,0.000000,143.580322,0.002365,0.000000,138.636206,0.40753859,0.00000149,11583.555542,10.26254195,0.000000,0.000000
2.039658,1,0,0.000000,0.000000,179.631836,0.002401,0.000000,137.469713,0.40522945,0.00000555,11403.523315,10.30525994,0.000000,0.000000
2.299614,1,0,0.000000,0.000000,214.683350,0.002359,0.000000,132.015440,0.38959932,0.00000982,10496.644775,10.31448156,0.000000,0.000000
2.329609,2,2,0.000000,0.000000,218.628418,0.002350,0.000000,131.276014,0.38745219,0.00000918,10376.354126,10.31455296,0.000000,0.000000
2.589615,2,0,0.000000,0.000000,251.873535,0.002275,0.000000,124.997025,0.36974216,0.00000171,9413.186890,10.31475109,0.000000,0.000000
2.849621,2,0,0.000000,0.000000,283.537598,0.002220,0.000000,119.079872,0.35235405,0.00000640,8516.502686,10.31475109,0.000000,0.000000
3.109627,2,0,0.000000,0.000000,313.709351,0.002171,0.000000,113.485952,0.33590913,0.00000470,7712.298218,10.31475109,0.000000,0.000000
3.369633,2,0,0.000000,0.000000,342.467773,0.002121,0.000000,108.181932,0.32031000,0.00000512,6988.570801,10.31475109,0.000000,0.000000
3.629639,2,0,0.000000,0.000000,369.884521,0.002071,0.000000,103.138779,0.30547196,0.00000640,6335.250244,10.31475109,0.000000,0.000000
3.889645,2,0,0.000000,0.000000,396.023315,0.002026,0.000000,98.331078,0.29132080,0.00000448,5743.824829,10.31475109,0.000000,0.000000
4.149651,2,0,0.000000,0.000000,420.942261,0.001976,0.000000,93.736477,0.27779138,0.00000235,5207.073975,10.31475109,0.000000,0.000000
4.409657,2,0,0.000000,0.000000,444.694214,0.001926,0.000000,89.335220,0.26482594,0.00000128,4718.824585,10.31475109,0.000000,0.000000
4.669662,2,0,0.000000,0.000000,467.326782,0.001877,0.000000,85.109776,0.25237340,0.00000384,4273.787598,10.31475109,0.000000,0.000000
4.929668,2,0,0.000000,0.000000,488.883545,0.001842,0.000000,81.044510,0.24038815,0.00000811,3867.401489,10.31475109,0.000000,0.000000
5.189674,2,0,0.000000,0.000000,509.403931,0.001797,0.000000,77.125441,0.22882950,0.00001409,3495.770508,10.31475109,0.000000,0.000000
5.449680,2,0,0.000000,0.000000,528.924194,0.001747,0.000000,73.339973,0.21766073,0.00001622,3155.473755,10.31475109,0.000000,0.000000
5.709686,2,0,0.000000,0.000000,547.477783,0.001698,0.000000,69.676783,0.20684868,0.00002028,2843.440186,10.31475109,0.000000,0.000000
5.969692,2,0,0.000000,0.000000,565.094482,0.001648,0.000000,66.125637,0.19636345,0.00002476,2557.065552,10.31475109,0.000000,0.000000
6.229698,2,0,0.000000,0.000000,581.802368,0.001598,0.000000,62.677237,0.18617809,0.00003116,2294.062500,10.31475109,0.000000,0.000000
6.489704,2,0,0.000000,0.000000,597.627197,0.001556,0.000000,59.323101,0.17626774,0.00004226,2052.420776,10.31475109,0.000000,0.000000
6.749710,2,0,0.000000,0.000000,612.592407,0.001532,0.000000,56.055494,0.16660988,0.00002711,1830.369019,10.31475109,0.000000,0.000000
7.009716,2,0,0.000000,0.000000,626.719238,0.001518,0.000000,52.867308,0.15718377,0.00003714,1626.343140,10.31475109,0.000000,0.000000
7.269722,2,0,0.000000,0.000000,640.027344,0.001518,0.000000,49.752001,0.14797044,0.00006126,1438.958130,10.31475109,0.000000,0.000000
7.529728,2,0,0.000000,0.000000,652.534912,0.001503,0.000000,46.703535,0.13895220,0.00000939,1266.985596,10.31475109,0.000000,0.000000
7.789734,2,0,0.000000,0.000000,664.258545,0.001478,0.000000,43.716312,0.13011277,0.00007214,1109.337402,10.31475109,0.000000,0.000000
8.049740,2,0,0.000000,0.000000,675.213379,0.001453,0.000000,40.785130,0.12143695,0.00010395,965.047363,10.31475109,0.000000,0.000000
8.309746,2,0,0.000000,0.000000,685.413696,0.001429,0.000000,37.905132,0.11291063,0.00007449,833.256592,10.31475109,0.000000,0.000000
8.569752,2,0,0.000000,0.000000,694.871704,0.001404,0.000000,35.071781,0.10452062,0.00006510,713.203491,10.31475109,0.000000,0.000000
8.829758,2,0,0.000000,0.000000,703.598999,0.001379,0.000000,32.280804,0.09625447,0.00007727,604.212524,10.31475109,0.000000,0.000000
9.089764,2,0,0.000000,0.000000,711.605957,0.001354,0.000000,29.528175,0.08810037,0.00011398,505.684692,10.31475109,0.000000,0.000000
9.349770,2,0,0.000000,0.000000,718.902344,0.001329,0.000000,26.810085,0.08004731,0.00018612,417.091431,10.31475109,0.000000,0.000000
9.609776,2,0,0.000000,0.000000,725.496460,0.001305,0.000000,24.122917,0.07208472,0.00029199,337.967285,10.31475109,0.000000,0.000000
9.869781,2,0,0.000000,0.000000,731.395630,0.001280,0.000000,21.463219,0.06420261,0.00038847,267.904541,10.31475109,0.000000,0.000000
10.129787,2,0,0.000000,0.000000,736.606689,0.001255,0.000000,18.827686,0.05639136,0.00041344,206.548462,10.31475109,0.000000,0.000000
10.389793,2,0,0.000000,0.000000,741.135742,0.001230,0.000000,16.213140,0.04864162,0.00056584,153.593262,10.31475109,0.000000,0.000000
10.649799,2,0,0.000000,0.000000,744.987427,0.001205,0.000000,13.616518,0.04094464,0.00091759,108.778564,10.31475109,0.000000,0.000000
10.909805,2,0,0.000000,0.000000,748.165894,0.001181,0.000000,11.034845,0.03329164,0.00154682,71.886841,10.31475109,0.000000,0.000000
11.169811,2,0,0.000000,0.000000,750.675049,0.001163,0.000000,8.465229,0.02567422,0.00000000,42.740601,10.31475109,0.000000,0.000000
11.429817,2,0,0.000000,0.000000,752.517334,0.001163,0.000000,5.904823,0.01808423,0.00000000,21.200562,10.31475109,0.000000,0.000000
11.689823,2,0,0.000000,0.000000,753.694946,0.001163,0.000000,3.350853,0.01051348,0.00000000,7.164307,10.31475109,0.000000,0.000000
11.949829,2,0,0.000000,0.000000,754.209106,0.001163,0.000000,0.800570,0.00295413,0.00000000,0.565552,10.31475109,0.000000,0.000000
12.049831,3,12,0.000000,0.000000,754.230469,0.001163,0.000000,-0.179907,0.00004810,0.00000000,0.000122,10.31475109,0.000000,0.000000
12.349827,3,0,0.000000,0.000000,753.663452,0.001154,0.000000,-3.101923,0.00000000,0.00000000,3.914673,0.00000000,0.000000,0.000000
12.649822,3,0,0.000000,0.000000,752.257690,0.001083,0.000000,-5.746351,0.00000000,0.00000000,16.250610,0.00000000,0.000000,0.000000
12.949818,3,0,0.000000,0.000000,750.148315,0.000957,0.000000,-7.876213,0.00000000,0.00000000,32.534546,0.00000000,0.000000,0.000000
13.249813,3,0,0.000000,0.000000,747.491943,0.000820,0.000000,-9.482361,0.00000000,0.00000000,48.742188,0.00000000,0.000000,0.000000
13.549809,3,0,0.000000,0.000000,744.437988,0.000685,0.000000,-10.619272,0.00000000,0.00000000,62.331787,0.00000000,0.000000,0.000000
13.849804,3,0,0.000000,0.000000,741.110229,0.000559,0.000000,-11.387764,0.00000000,0.00000000,72.544067,0.00000000,0.000000,0.000000
14.149799,3,0,0.000000,0.000000,737.600708,0.000448,0.000000,-11.890787,0.00000000,0.00000000,79.693604,0.00000000,0.000000,0.000000
14.449795,3,0,0.000000,0.000000,733.973633,0.000360,0.000000,-12.212891,0.00000000,0.00000000,84.475830,0.00000000,0.000000,0.000000
14.749790,3,0,0.000000,0.000000,730.271973,0.000288,0.000000,-12.416025,0.00000000,0.00000000,87.583252,0.00000000,0.000000,0.000000
15.049786,3,0,0.000000,0.000000,726.523560,0.000233,0.000000,-12.542675,0.00000000,0.00000000,89.565796,0.00000000,0.000000,0.000000
15.349781,3,0,0.000000,0.000000,722.746338,0.000187,0.000000,-12.620865,0.00000000,0.00000000,90.816284,0.00000000,0.000000,0.000000
15.649776,3,0,0.000000,0.000000,718.951294,0.000147,0.000000,-12.668613,0.00000000,0.00000000,91.599243,0.00000000,0.000000,0.000000
15.949772,3,0,0.000000,0.000000,715.145386,0.000113,0.000000,-12.697353,0.00000000,0.00000000,92.087280,0.00000000,0.000000,0.000000
16.249767,3,0,0.000000,0.000000,711.333008,0.000093,0.000000,-12.714272,0.00000000,0.00000000,92.390747,0.00000000,0.000000,0.000000
16.549763,3,0,0.000000,0.000000,707.516846,0.000082,0.000000,-12.723837,0.00000000,0.00000000,92.578979,0.00000000,0.000000,0.000000
16.849758,3,0,0.000000,0.000000,703.698853,0.000071,0.000000,-12.728853,0.00000000,0.00000000,92.695679,0.00000000,0.000000,0.000000
17.149754,3,0,0.000000,0.000000,699.879883,0.000059,0.000000,-12.731050,0.00000000,0.00000000,92.767944,0.00000000,0.000000,0.000000
17.449749,3,0,0.000000,0.000000,696.060303,0.000048,0.000000,-12.731499,0.00000000,0.00000000,92.812744,0.00000000,0.000000,0.000000
17.749744,3,0,0.000000,0.000000,692.240845,0.000036,0.000000,-12.730873,0.00000000,0.00000000,92.840454,0.00000000,0.000000,0.000000
18.049740,3,0,0.000000,0.000000,688.421997,0.000032,0.000000,-12.729576,0.00000000,0.00000000,92.857544,0.00000000,0.000000,0.000000
18.349735,3,0,0.000000,0.000000,684.603394,0.000032,0.000000,-12.727869,0.00000000,0.00000000,92.868286,0.00000000,0.000000,0.000000
18.649731,3,0,0.000000,0.000000,680.785400,0.000032,0.000000,-12.725912,0.00000000,0.00000000,92.874878,0.00000000,0.000000,0.000000
18.949726,3,0,0.000000,0.000000,676.968018,0.000032,0.000000,-12.723795,0.00000000,0.00000000,92.879028,0.00000000,0.000000,0.000000
19.249722,3,0,0.000000,0.000000,673.151367,0.000032,0.000000,-12.721582,0.00000000,0.00000000,92.881592,0.00000000,0.000000,0.000000
19.549717,3,0,0.000000,0.000000,669.335327,0.000032,0.000000,-12.719311,0.00000000,0.00000000,92.883179,0.00000000,0.000000,0.000000
19.849712,3,0,0.000000,0.000000,665.520020,0.000032,0.000000,-12.716999,0.00000000,0.00000000,92.884155,0.00000000,0.000000,0.000000
20.149708,3,0,0.000000,0.000000,661.705444,0.000032,0.000000,-12.714668,0.00000000,0.00000000,92.884766,0.00000000,0.000000,0.000000
20.449703,3,0,0.000000,0.000000,657.891479,0.000032,0.000000,-12.712324,0.00000000,0.00000000,92.885132,0.00000000,0.000000,0.000000
20.749699,3,0,0.000000,0.000000,654.078247,0.000032,0.000000,-12.709978,0.00000000,0.00000000,92.885376,0.00000000,0.000000,0.000000
21.049694,3,0,0.000000,0.000000,650.265747,0.000032,0.000000,-12.707621,0.00000000,0.00000000,92.885620,0.00000000,0.000000,0.000000
21.349689,3,0,0.000000,0.000000,646.453979,0.000032,0.000000,-12.705269,0.00000000,0.00000000,92.885742,0.00000000,0.000000,0.000000
21.649685,3,0,0.000000,0.000000,642.642822,0.000032,0.000000,-12.702921,0.00000000,0.00000000,92.885986,0.00000000,0.000000,0.000000
21.949680,3,0,0.000000,0.000000,638.832397,0.000032,0.000000,-12.700563,0.00000000,0.00000000,92.885986,0.00000000,0.000000,0.000000
22.249676,3,0,0.000000,0.000000,635.022705,0.000032,0.000000,-12.698206,0.00000000,0.00000000,92.885986,0.00000000,0.000000,0.000000
22.549671,3,0,0.000000,0.000000,631.213745,0.000032,0.000000,-12.695852,0.00000000,0.00000000,92.886108,0.00000000,0.000000,0.000000
22.849667,3,0,0.000000,0.000000,627.405396,0.000032,0.000000,-12.693504,0.00000000,0.00000000,92.886108,0.00000000,0.000000,0.000000
23.149662,3,0,0.000000,0.000000,623.597778,0.000032,0.000000,-12.691158,0.00000000,0.00000000,92.886230,0.00000000,0.000000,0.000000
23.449657,3,0,0.000000,0.000000,619.790894,0.000032,0.000000,-12.688812,0.00000000,0.00000000,92.886230,0.00000000,0.000000,0.000000
23.749653,3,0,0.000000,0.000000,615.984741,0.000032,0.000000,-12.686470,0.00000000,0.00000000,92.886475,0.00000000,0.000000,0.000000
24.049648,3,0,0.000000,0.000000,612.179321,0.000032,0.000000,-12.684128,0.00000000,0.00000000,92.886475,0.00000000,0.000000,0.000000
24.349644,3,0,0.000000,0.000000,608.374512,0.000032,0.000000,-12.681782,0.00000000,0.00000000,92.886475,0.00000000,0.000000,0.000000
24.649639,3,0,0.000000,0.000000,604.570435,0.000032,0.000000,-12.679438,0.00000000,0.00000000,92.886475,0.00000000,0.000000,0.000000
24.949635,3,0,0.000000,0.000000,600.767090,0.000032,0.000000,-12.677101,0.00000000,0.00000000,92.886475,0.00000000,0.000000,0.000000
25.249630,3,0,0.000000,0.000000,596.964355,0.000032,0.000000,-12.674767,0.00000000,0.00000000,92.886597,0.00000000,0.000000,0.000000
25.549625,3,0,0.000000,0.000000,593.162354,0.000032,0.000000,-12.672432,0.00000000,0.00000000,92.886597,0.00000000,0.000000,0.000000
25.849621,3,0,0.000000,0.000000,589.361084,0.000032,0.000000,-12.670097,0.00000000,0.00000000,92.886719,0.00000000,0.000000,0.000000
26.149616,3,0,0.000000,0.000000,585.560547,0.000032,0.000000,-12.667774,0.00000000,0.00000000,92.886841,0.00000000,0.000000,0.000000
26.449612,3,0,0.000000,0.000000,581.760742,0.000032,0.000000,-12.665451,0.00000000,0.00000000,92.886963,0.00000000,0.000000,0.000000
26.749607,3,0,0.000000,0.000000,577.961548,0.000032,0.000000,-12.663120,0.00000000,0.00000000,92.887085,0.00000000,0.000000,0.000000
27.049603,3,0,0.000000,0.000000,574.163086,0.000032,0.000000,-12.660791,0.00000000,0.00000000,92.887085,0.00000000,0.000000,0.000000
27.349598,3,0,0.000000,0.000000,570.365356,0.000032,0.000000,-12.658466,0.00000000,0.00000000,92.887085,0.00000000,0.000000,0.000000
27.649593,3,0,0.000000,0.000000,566.568237,0.000032,0.000000,-12.656143,0.00000000,0.00000000,92.887085,0.00000000,0.000000,0.000000
27.949589,3,0,0.000000,0.000000,562.771851,0.000032,0.000000,-12.653820,0.00000000,0.00000000,92.887085,0.00000000,0.000000,0.000000
28.249584,3,0,0.000000,0.000000,558.976196,0.000032,0.000000,-12.651499,0.00000000,0.00000000,92.887207,0.00000000,0.000000,0.000000
28.549580,3,0,0.000000,0.000000,555.181152,0.000032,0.000000,-12.649187,0.00000000,0.00000000,92.887329,0.00000000,0.000000,0.000000
28.849575,3,0,0.000000,0.000000,551.386841,0.000032,0.000000,-12.646875,0.00000000,0.00000000,92.887451,0.00000000,0.000000,0.000000
29.149570,3,0,0.000000,0.000000,547.593262,0.000032,0.000000,-12.644562,0.00000000,0.00000000,92.887573,0.00000000,0.000000,0.000000
29.449566,3,0,0.000000,0.000000,543.800293,0.000032,0.000000,-12.642244,0.00000000,0.00000000,92.887573,0.00000000,0.000000,0.000000
29.749561,3,0,0.000000,0.000000,540.008057,0.000032,0.000000,-12.639935,0.00000000,0.00000000,92.887451,0.00000000,0.000000,0.000000
30.049557,3,0,0.000000,0.000000,536.216553,0.000032,0.000000,-12.637623,0.00000000,0.00000000,92.887573,0.00000000,0.000000,0.000000
30.349552,3,0,0.000000,0.000000,532.425659,0.000032,0.000000,-12.635311,0.00000000,0.00000000,92.887573,0.00000000,0.000000,0.000000
30.649548,3,0,0.000000,0.000000,528.635498,0.000032,0.000000,-12.633005,0.00000000,0.00000000,92.887695,0.00000000,0.000000,0.000000
30.949543,3,0,0.000000,0.000000,524.846069,0.000032,0.000000,-12.630705,0.00000000,0.00000000,92.887817,0.00000000,0.000000,0.000000
31.249538,3,0,0.000000,0.000000,521.057251,0.000032,0.000000,-12.628405,0.00000000,0.00000000,92.887817,0.00000000,0.000000,0.000000
31.549534,3,0,0.000000,0.000000,517.269165,0.000032,0.000000,-12.626106,0.00000000,0.00000000,92.887939,0.00000000,0.000000,0.000000
31.849529,3,0,0.000000,0.000000,513.481812,0.000032,0.000000,-12.623810,0.00000000,0.00000000,92.888062,0.00000000,0.000000,0.000000
32.149525,3,0,0.000000,0.000000,509.695190,0.000032,0.000000,-12.621510,0.00000000,0.00000000,92.888062,0.00000000,0.000000,0.000000
32.449520,3,0,0.000000,0.000000,505.909180,0.000032,0.000000,-12.619209,0.00000000,0.00000000,92.888062,0.00000000,0.000000,0.000000
32.749516,3,0,0.000000,0.000000,502.123901,0.000032,0.000000,-12.616913,0.00000000,0.00000000,92.888062,0.00000000,0.000000,0.000000
33.049511,3,0,0.000000,0.000000,498.339355,0.000032,0.000000,-12.614620,0.00000000,0.00000000,92.888306,0.00000000,0.000000,0.000000
33.349506,3,0,0.000000,0.000000,494.555420,0.000032,0.000000,-12.612318,0.00000000,0.00000000,92.888794,0.00000000,0.000000,0.000000
33.649502,3,0,0.000000,0.000000,490.772217,0.000032,0.000000,-12.610003,0.00000000,0.00000000,92.889160,0.00000000,0.000000,0.000000
33.949497,3,0,0.000000,0.000000,486.989624,0.000032,0.000000,-12.607687,0.00000000,0.00000000,92.889526,0.00000000,0.000000,0.000000
34.249493,3,0,0.000000,0.000000,483.207764,0.000032,0.000000,-12.605364,0.00000000,0.00000000,92.889526,0.00000000,0.000000,0.000000
34.549488,3,0,0.000000,0.000000,479.426636,0.000032,0.000000,-12.603041,0.00000000,0.00000000,92.889771,0.00000000,0.000000,0.000000
34.849483,3,0,0.000000,0.000000,475.646240,0.000032,0.000000,-12.600718,0.00000000,0.00000000,92.889771,0.00000000,0.000000,0.000000
35.149479,3,0,0.000000,0.000000,471.866455,0.000032,0.000000,-12.598398,0.00000000,0.00000000,92.890015,0.00000000,0.000000,0.000000
35.449474,3,0,0.000000,0.000000,468.087402,0.000032,0.000000,-12.596077,0.00000000,0.00000000,92.890015,0.00000000,0.000000,0.000000
35.749470,3,0,0.000000,0.000000,464.309082,0.000032,0.000000,-12.593754,0.00000000,0.00000000,92.890015,0.00000000,0.000000,0.000000
36.049465,3,0,0.000000,0.000000,460.531372,0.000032,0.000000,-12.591431,0.00000000,0.00000000,92.890015,0.00000000,0.000000,0.000000
36.349461,3,0,0.000000,0.000000,456.754395,0.000032,0.000000,-12.589111,0.00000000,0.00000000,92.890015,0.00000000,0.000000,0.000000
36.649456,3,0,0.000000,0.000000,452.978149,0.000032,0.000000,-12.586800,0.00000000,0.00000000,92.890137,0.00000000,0.000000,0.000000
36.949451,3,0,0.000000,0.000000,449.202515,0.000032,0.000000,-12.584488,0.00000000,0.00000000,92.890137,0.00000000,0.000000,0.000000
37.249447,3,0,0.000000,0.000000,445.427612,0.000032,0.000000,-12.582176,0.00000000,0.00000000,92.890259,0.00000000,0.000000,0.000000
37.549442,3,0,0.000000,0.000000,441.653442,0.000032,0.000000,-12.579876,0.00000000,0.00000000,92.890381,0.00000000,0.000000,0.000000
37.849438,3,0,0.000000,0.000000,437.880005,0.000032,0.000000,-12.577564,0.00000000,0.00000000,92.890503,0.00000000,0.000000,0.000000
38.149433,3,0,0.000000,0.000000,434.107178,0.000032,0.000000,-12.575254,0.00000000,0.00000000,92.890503,0.00000000,0.000000,0.000000
38.449429,3,0,0.000000,0.000000,430.335083,0.000032,0.000000,-12.572947,0.00000000,0.00000000,92.890503,0.00000000,0.000000,0.000000
38.749424,3,0,0.000000,0.000000,426.563721,0.000032,0.000000,-12.570639,0.00000000,0.00000000,92.890503,0.00000000,0.000000,0.000000
39.049419,3,0,0.000000,0.000000,422.792969,0.000032,0.000000,-12.568338,0.00000000,0.00000000,92.890503,0.00000000,0.000000,0.000000
39.349415,3,0,0.000000,0.000000,419.022949,0.000032,0.000000,-12.566038,0.00000000,0.00000000,92.890625,0.00000000,0.000000,0.000000
39.649410,3,0,0.000000,0.000000,415.253662,0.000032,0.000000,-12.563740,0.00000000,0.00000000,92.890625,0.00000000,0.000000,0.000000
39.949406,3,0,0.000000,0.000000,411.484985,0.000032,0.000000,-12.561451,0.00000000,0.00000000,92.890747,0.00000000,0.000000,0.000000
40.249401,3,0,0.000000,0.000000,407.717041,0.000032,0.000000,-12.559160,0.00000000,0.00000000,92.890991,0.00000000,0.000000,0.000000
40.549397,3,0,0.000000,0.000000,403.949707,0.000032,0.000000,-12.556866,0.00000000,0.00000000,92.890869,0.00000000,0.000000,0.000000
40.849392,3,0,0.000000,0.000000,400.183105,0.000032,0.000000,-12.554569,0.00000000,0.00000000,92.890991,0.00000000,0.000000,0.000000
41.149387,3,0,0.000000,0.000000,396.417236,0.000032,0.000000,-12.552282,0.00000000,0.00000000,92.890991,0.00000000,0.000000,0.000000
41.449383,3,0,0.000000,0.000000,392.651978,0.000032,0.000000,-12.549994,0.00000000,0.00000000,92.891113,0.00000000,0.000000,0.000000
41.749378,3,0,0.000000,0.000000,388.887451,0.000032,0.000000,-12.547705,0.00000000,0.00000000,92.891113,0.00000000,0.000000,0.000000
42.049374,3,0,0.000000,0.000000,385.123535,0.000032,0.000000,-12.545420,0.00000000,0.00000000,92.891113,0.00000000,0.000000,0.000000
42.349369,3,0,0.000000,0.000000,381.360352,0.000032,0.000000,-12.543142,0.00000000,0.00000000,92.891235,0.00000000,0.000000,0.000000
42.649364,3,0,0.000000,0.000000,377.597900,0.000032,0.000000,-12.540865,0.00000000,0.00000000,92.891357,0.00000000,0.000000,0.000000
42.949360,3,0,0.000000,0.000000,373.836060,0.000032,0.000000,-12.538584,0.00000000,0.00000000,92.891479,0.00000000,0.000000,0.000000
43.249355,3,0,0.000000,0.000000,370.074951,0.000032,0.000000,-12.536303,0.00000000,0.00000000,92.891479,0.00000000,0.000000,0.000000
43.549351,3,0,0.000000,0.000000,366.314575,0.000032,0.000000,-12.534025,0.00000000,0.00000000,92.891479,0.00000000,0.000000,0.000000
43.849346,3,0,0.000000,0.000000,362.554810,0.000032,0.000000,-12.531748,0.00000000,0.00000000,92.891479,0.00000000,0.000000,0.000000
44.149342,3,0,0.000000,0.000000,358.795776,0.000032,0.000000,-12.529470,0.00000000,0.00000000,92.891479,0.00000000,0.000000,0.000000
44.449337,3,0,0.000000,0.000000,355.037354,0.000032,0.000000,-12.527199,0.00000000,0.00000000,92.891479,0.00000000,0.000000,0.000000
44.749332,3,0,0.000000,0.000000,351.279663,0.000032,0.000000,-12.524933,0.00000000,0.00000000,92.891602,0.00000000,0.000000,0.000000
45.049328,3,0,0.000000,0.000000,347.522583,0.000032,0.000000,-12.522667,0.00000000,0.00000000,92.891724,0.00000000,0.000000,0.000000
45.349323,3,0,0.000000,0.000000,343.766235,0.000032,0.000000,-12.520403,0.00000000,0.00000000,92.891846,0.00000000,0.000000,0.000000
45.649319,3,0,0.000000,0.000000,340.010498,0.000032,0.000000,-12.518141,0.00000000,0.00000000,92.891846,0.00000000,0.000000,0.000000
45.949314,3,0,0.000000,0.000000,336.255493,0.000032,0.000000,-12.515877,0.00000000,0.00000000,92.891968,0.00000000,0.000000,0.000000
46.249310,3,0,0.000000,0.000000,332.501221,0.000032,0.000000,-12.513611,0.00000000,0.00000000,92.891968,0.00000000,0.000000,0.000000
46.549305,3,0,0.000000,0.000000,328.747559,0.000032,0.000000,-12.511345,0.00000000,0.00000000,92.891968,0.00000000,0.000000,0.000000
46.849300,3,0,0.000000,0.000000,324.994629,0.000032,0.000000,-12.509090,0.00000000,0.00000000,92.891968,0.00000000,0.000000,0.000000
47.149296,3,0,0.000000,0.000000,321.242432,0.000032,0.000000,-12.506836,0.00000000,0.00000000,92.892090,0.00000000,0.000000,0.000000
47.449291,3,0,0.000000,0.000000,317.490845,0.000032,0.000000,-12.504581,0.00000000,0.00000000,92.892212,0.00000000,0.000000,0.000000
47.749287,3,0,0.000000,0.000000,313.739990,0.000032,0.000000,-12.502331,0.00000000,0.00000000,92.892212,0.00000000,0.000000,0.000000
48.049282,3,0,0.000000,0.000000,309.989746,0.000032,0.000000,-12.500084,0.00000000,0.00000000,92.892334,0.00000000,0.000000,0.000000
48.349277,3,0,0.000000,0.000000,306.240234,0.000032,0.000000,-12.497831,0.00000000,0.00000000,92.892456,0.00000000,0.000000,0.000000
48.649273,3,0,0.000000,0.000000,302.491333,0.000032,0.000000,-12.495579,0.00000000,0.00000000,92.892456,0.00000000,0.000000,0.000000
48.949268,3,0,0.000000,0.000000,298.743164,0.000032,0.000000,-12.493328,0.00000000,0.00000000,92.892456,0.00000000,0.000000,0.000000
49.249264,3,0,0.000000,0.000000,294.995605,0.000032,0.000000,-12.491083,0.00000000,0.00000000,92.892456,0.00000000,0.000000,0.000000
49.549259,3,0,0.000000,0.000000,291.248657,0.000032,0.000000,-12.488840,0.00000000,0.00000000,92.892578,0.00000000,0.000000,0.000000
49.849255,3,0,0.000000,0.000000,287.502441,0.000032,0.000000,-12.486597,0.00000000,0.00000000,92.892578,0.00000000,0.000000,0.000000
50.149250,3,0,0.000000,0.000000,283.756836,0.000032,0.000000,-12.484360,0.00000000,0.00000000,92.892700,0.00000000,0.000000,0.000000
50.449245,3,0,0.000000,0.000000,280.011963,0.000032,0.000000,-12.482128,0.00000000,0.00000000,92.892822,0.00000000,0.000000,0.000000
50.749241,3,0,0.000000,0.000000,276.267822,0.000032,0.000000,-12.479893,0.00000000,0.00000000,92.892822,0.00000000,0.000000,0.000000
51.049236,3,0,0.000000,0.000000,272.524292,0.000032,0.000000,-12.477652,0.00000000,0.00000000,92.892944,0.00000000,0.000000,0.000000
51.349232,3,0,0.000000,0.000000,268.781494,0.000032,0.000000,-12.475412,0.00000000,0.00000000,92.892944,0.00000000,0.000000,0.000000
51.649227,3,0,0.000000,0.000000,265.039307,0.000032,0.000000,-12.473183,0.00000000,0.00000000,92.892944,0.00000000,0.000000,0.000000
51.949223,3,0,0.000000,0.000000,261.297852,0.000032,0.000000,-12.470951,0.00000000,0.00000000,92.893066,0.00000000,0.000000,0.000000
52.249218,3,0,0.000000,0.000000,257.557007,0.000032,0.000000,-12.468719,0.00000000,0.00000000,92.893066,0.00000000,0.000000,0.000000
52.549213,3,0,0.000000,0.000000,253.816772,0.000032,0.000000,-12.466496,0.00000000,0.00000000,92.893066,0.00000000,0.000000,0.000000
52.849209,3,0,0.000000,0.000000,250.077271,0.000032,0.000000,-12.464275,0.00000000,0.00000000,92.893311,0.00000000,0.000000,0.000000
53.149204,3,0,0.000000,0.000000,246.338379,0.000032,0.000000,-12.462048,0.00000000,0.00000000,92.893799,0.00000000,0.000000,0.000000
53.449200,3,0,0.000000,0.000000,242.600220,0.000032,0.000000,-12.459805,0.00000000,0.00000000,92.894287,0.00000000,0.000000,0.000000
53.749195,3,0,0.000000,0.000000,238.862671,0.000032,0.000000,-12.457554,0.00000000,0.00000000,92.894409,0.00000000,0.000000,0.000000
54.049191,3,0,0.000000,0.000000,235.125854,0.000032,0.000000,-12.455299,0.00000000,0.00000000,92.894653,0.00000000,0.000000,0.000000
54.349186,3,0,0.000000,0.000000,231.389771,0.000032,0.000000,-12.453045,0.00000000,0.00000000,92.894775,0.00000000,0.000000,0.000000
54.649181,3,0,0.000000,0.000000,227.654297,0.000032,0.000000,-12.450785,0.00000000,0.00000000,92.894897,0.00000000,0.000000,0.000000
54.949177,3,0,0.000000,0.000000,223.919556,0.000032,0.000000,-12.448530,0.00000000,0.00000000,92.894897,0.00000000,0.000000,0.000000
55.249172,3,0,0.000000,0.000000,220.185425,0.000032,0.000000,-12.446276,0.00000000,0.00000000,92.895020,0.00000000,0.000000,0.000000
55.549168,3,0,0.000000,0.000000,216.452026,0.000032,0.000000,-12.444021,0.00000000,0.00000000,92.895020,0.00000000,0.000000,0.000000
55.849163,3,0,0.000000,0.000000,212.719238,0.000032,0.000000,-12.441767,0.00000000,0.00000000,92.895020,0.00000000,0.000000,0.000000
56.149158,3,0,0.000000,0.000000,208.987183,0.000032,0.000000,-12.439524,0.00000000,0.00000000,92.895142,0.00000000,0.000000,0.000000
56.449154,3,0,0.000000,0.000000,205.255737,0.000032,0.000000,-12.437281,0.00000000,0.00000000,92.895264,0.00000000,0.000000,0.000000
56.749149,3,0,0.000000,0.000000,201.525024,0.000032,0.000000,-12.435038,0.00000000,0.00000000,92.895386,0.00000000,0.000000,0.000000
56.899147,4,16,0.000000,0.000000,199.659912,0.000032,0.000000,-12.433918,0.00000000,0.00000000,92.895386,0.00000000,0.000000,0.000000
57.199142,4,0,0.000000,0.000000,195.616699,0.000031,0.000000,-13.618126,0.00000000,0.00000000,113.241699,0.00000000,0.000000,0.000000
57.499138,4,0,0.000000,0.000000,191.885376,0.000019,0.000000,-11.327478,0.00000000,0.00000000,83.894043,0.00000000,0.000000,0.000000
57.799133,4,0,0.000000,0.000000,188.974121,0.000013,0.000000,-8.643223,0.00000000,0.00000000,49.093628,0.00000000,0.000000,0.000000
58.099129,4,0,0.000000,0.000000,186.703003,0.000011,0.000000,-7.014006,0.00000000,0.00000000,31.003052,0.00000000,0.000000,0.000000
58.399124,4,0,0.000000,0.000000,184.705933,0.000011,0.000000,-6.483366,0.00000000,0.00000000,25.706543,0.00000000,0.000000,0.000000
58.699120,4,0,0.000000,0.000000,182.796631,0.000011,0.000000,-6.305737,0.00000000,0.00000000,24.068726,0.00000000,0.000000,0.000000
58.999115,4,0,0.000000,0.000000,180.917358,0.000011,0.000000,-6.243446,0.00000000,0.00000000,23.512695,0.00000000,0.000000,0.000000
59.299110,4,0,0.000000,0.000000,179.048828,0.000011,0.000000,-6.221056,0.00000000,0.00000000,23.317871,0.00000000,0.000000,0.000000
59.599106,4,0,0.000000,0.000000,177.184204,0.000011,0.000000,-6.212732,0.00000000,0.00000000,23.248901,0.00000000,0.000000,0.000000
59.899101,4,0,0.000000,0.000000,175.321167,0.000011,0.000000,-6.209410,0.00000000,0.00000000,23.224365,0.00000000,0.000000,0.000000
60.199097,4,0,0.000000,0.000000,173.458618,0.000011,0.000000,-6.207867,0.00000000,0.00000000,23.215576,0.00000000,0.000000,0.000000
60.499092,4,0,0.000000,0.000000,171.596558,0.000011,0.000000,-6.206963,0.00000000,0.00000000,23.212402,0.00000000,0.000000,0.000000
60.799088,4,0,0.000000,0.000000,169.734741,0.000011,0.000000,-6.206280,0.00000000,0.00000000,23.211426,0.00000000,0.000000,0.000000
61.099083,4,0,0.000000,0.000000,167.872925,0.000011,0.000000,-6.205681,0.00000000,0.00000000,23.211060,0.00000000,0.000000,0.000000
61.399078,4,0,0.000000,0.000000,166.011108,0.000011,0.000000,-6.205111,0.00000000,0.00000000,23.210815,0.00000000,0.000000,0.000000
61.699074,4,0,0.000000,0.000000,164.149902,0.000011,0.000000,-6.204548,0.00000000,0.00000000,23.210815,0.00000000,0.000000,0.000000
61.999069,4,0,0.000000,0.000000,162.288818,0.000011,0.000000,-6.203991,0.00000000,0.00000000,23.210815,0.00000000,0.000000,0.000000
62.299065,4,0,0.000000,0.000000,160.427734,0.000011,0.000000,-6.203430,0.00000000,0.00000000,23.210938,0.00000000,0.000000,0.000000
62.599060,4,0,0.000000,0.000000,158.566650,0.000011,0.000000,-6.202879,0.00000000,0.00000000,23.210815,0.00000000,0.000000,0.000000
62.899055,4,0,0.000000,0.000000,156.705811,0.000011,0.000000,-6.202324,0.00000000,0.00000000,23.210938,0.00000000,0.000000,0.000000
63.199051,4,0,0.000000,0.000000,154.845459,0.000011,0.000000,-6.201765,0.00000000,0.00000000,23.210815,0.00000000,0.000000,0.000000
63.499046,4,0,0.000000,0.000000,152.985107,0.000011,0.000000,-6.201206,0.00000000,0.00000000,23.210938,0.00000000,0.000000,0.000000
63.799042,4,0,0.000000,0.000000,151.124756,0.000011,0.000000,-6.200653,0.00000000,0.00000000,23.210938,0.00000000,0.000000,0.000000
64.099037,4,0,0.000000,0.000000,149.264404,0.000011,0.000000,-6.200096,0.00000000,0.00000000,23.210938,0.00000000,0.000000,0.000000
64.399033,4,0,0.000000,0.000000,147.404785,0.000011,0.000000,-6.199543,0.00000000,0.00000000,23.210938,0.00000000,0.000000,0.000000
64.699028,4,0,0.000000,0.000000,145.545166,0.000011,0.000000,-6.198994,0.00000000,0.00000000,23.210938,0.00000000,0.000000,0.000000
64.999023,4,0,0.000000,0.000000,143.685547,0.000011,0.000000,-6.198441,0.00000000,0.00000000,23.210938,0.00000000,0.000000,0.000000
65.299019,4,0,0.000000,0.000000,141.825928,0.000011,0.000000,-6.197886,0.00000000,0.00000000,23.210938,0.00000000,0.000000,0.000000
65.599014,4,0,0.000000,0.000000,139.966675,0.000011,0.000000,-6.197330,0.00000000,0.00000000,23.211060,0.00000000,0.000000,0.000000
65.899010,4,0,0.000000,0.000000,138.107788,0.000011,0.000000,-6.196775,0.00000000,0.00000000,23.210938,0.00000000,0.000000,0.000000
66.199005,4,0,0.000000,0.000000,136.248901,0.000011,0.000000,-6.196218,0.00000000,0.00000000,23.211060,0.00000000,0.000000,0.000000
66.499001,4,0,0.000000,0.000000,134.390015,0.000011,0.000000,-6.195669,0.00000000,0.00000000,23.211060,0.00000000,0.000000,0.000000
66.798996,4,0,0.000000,0.000000,132.531250,0.000011,0.000000,-6.195112,0.00000000,0.00000000,23.211060,0.00000000,0.000000,0.000000
67.098991,4,0,0.000000,0.000000,130.673096,0.000011,0.000000,-6.194561,0.00000000,0.00000000,23.210938,0.00000000,0.000000,0.000000
67.398987,4,0,0.000000,0.000000,128.814941,0.000011,0.000000,-6.194012,0.00000000,0.00000000,23.211060,0.00000000,0.000000,0.000000
67.698982,4,0,0.000000,0.000000,126.956787,0.000011,0.000000,-6.193462,0.00000000,0.00000000,23.211060,0.00000000,0.000000,0.000000
67.998978,4,0,0.000000,0.000000,125.098633,0.000011,0.000000,-6.192909,0.00000000,0.00000000,23.211060,0.00000000,0.000000,0.000000
68.298973,4,0,0.000000,0.000000,123.240967,0.000011,0.000000,-6.192354,0.00000000,0.00000000,23.211182,0.00000000,0.000000,0.000000
68.598969,4,0,0.000000,0.000000,121.383545,0.000011,0.000000,-6.191801,0.00000000,0.00000000,23.211182,0.00000000,0.000000,0.000000
68.898964,4,0,0.000000,0.000000,119.526123,0.000011,0.000000,-6.191248,0.00000000,0.00000000,23.211060,0.00000000,0.000000,0.000000
69.198959,4,0,0.000000,0.000000,117.668701,0.000011,0.000000,-6.190697,0.00000000,0.00000000,23.211182,0.00000000,0.000000,0.000000
69.498955,4,0,0.000000,0.000000,115.811523,0.000011,0.000000,-6.190144,0.00000000,0.00000000,23.211182,0.00000000,0.000000,0.000000
69.798950,4,0,0.000000,0.000000,113.954834,0.000011,0.000000,-6.189590,0.00000000,0.00000000,23.211060,0.00000000,0.000000,0.000000
70.098946,4,0,0.000000,0.000000,112.098145,0.000011,0.000000,-6.189043,0.00000000,0.00000000,23.211182,0.00000000,0.000000,0.000000
70.398941,4,0,0.000000,0.000000,110.241455,0.000011,0.000000,-6.188494,0.00000000,0.00000000,23.211182,0.00000000,0.000000,0.000000
70.698936,4,0,0.000000,0.000000,108.384766,0.000011,0.000000,-6.187944,0.00000000,0.00000000,23.211182,0.00000000,0.000000,0.000000
70.998932,4,0,0.000000,0.000000,106.528687,0.000011,0.000000,-6.187393,0.00000000,0.00000000,23.211304,0.00000000,0.000000,0.000000
71.298927,4,0,0.000000,0.000000,104.672729,0.000011,0.000000,-6.186842,0.00000000,0.00000000,23.211304,0.00000000,0.000000,0.000000
71.598923,4,0,0.000000,0.000000,102.816772,0.000011,0.000000,-6.186293,0.00000000,0.00000000,23.211182,0.00000000,0.000000,0.000000
71.898918,4,0,0.000000,0.000000,100.960815,0.000011,0.000000,-6.185743,0.00000000,0.00000000,23.211182,0.00000000,0.000000,0.000000
72.198914,4,0,0.000000,0.000000,99.105225,0.000011,0.000000,-6.185194,0.00000000,0.00000000,23.211304,0.00000000,0.000000,0.000000
72.498909,4,0,0.000000,0.000000,97.250000,0.000011,0.000000,-6.184641,0.00000000,0.00000000,23.211304,0.00000000,0.000000,0.000000
72.798904,4,0,0.000000,0.000000,95.394775,0.000011,0.000000,-6.184095,0.00000000,0.00000000,23.211304,0.00000000,0.000000,0.000000
73.098900,4,0,0.000000,0.000000,93.539551,0.000011,0.000000,-6.183546,0.00000000,0.00000000,23.211304,0.00000000,0.000000,0.000000
73.398895,4,0,0.000000,0.000000,91.684326,0.000011,0.000000,-6.182997,0.00000000,0.00000000,23.211304,0.00000000,0.000000,0.000000
73.698891,4,0,0.000000,0.000000,89.829834,0.000011,0.000000,-6.182447,0.00000000,0.00000000,23.211304,0.00000000,0.000000,0.000000
73.998886,4,0,0.000000,0.000000,87.975342,0.000011,0.000000,-6.181898,0.00000000,0.00000000,23.211304,0.00000000,0.000000,0.000000
74.298882,4,0,0.000000,0.000000,86.120850,0.000011,0.000000,-6.181349,0.00000000,0.00000000,23.211304,0.00000000,0.000000,0.000000
74.598877,4,0,0.000000,0.000000,84.266357,0.000011,0.000000,-6.180803,0.00000000,0.00000000,23.211304,0.00000000,0.000000,0.000000
74.898872,4,0,0.000000,0.000000,82.412231,0.000011,0.000000,-6.180258,0.00000000,0.00000000,23.211304,0.00000000,0.000000,0.000000
75.198868,4,0,0.000000,0.000000,80.558472,0.000011,0.000000,-6.179708,0.00000000,0.00000000,23.211426,0.00000000,0.000000,0.000000
75.498863,4,0,0.000000,0.000000,78.704712,0.000011,0.000000,-6.179163,0.00000000,0.00000000,23.211426,0.00000000,0.000000,0.000000
75.798859,4,0,0.000000,0.000000,76.850952,0.000011,0.000000,-6.178614,0.00000000,0.00000000,23.211426,0.00000000,0.000000,0.000000
76.098854,4,0,0.000000,0.000000,74.997314,0.000011,0.000000,-6.178066,0.00000000,0.00000000,23.211304,0.00000000,0.000000,0.000000
76.398849,4,0,0.000000,0.000000,73.144287,0.000011,0.000000,-6.177517,0.00000000,0.00000000,23.211426,0.00000000,0.000000,0.000000
76.698845,4,0,0.000000,0.000000,71.291260,0.000011,0.000000,-6.176971,0.00000000,0.00000000,23.211304,0.00000000,0.000000,0.000000
76.998840,4,0,0.000000,0.000000,69.438232,0.000011,0.000000,-6.176422,0.00000000,0.00000000,23.211426,0.00000000,0.000000,0.000000
77.298836,4,0,0.000000,0.000000,67.585205,0.000011,0.000000,-6.175877,0.00000000,0.00000000,23.211426,0.00000000,0.000000,0.000000
77.598831,4,0,0.000000,0.000000,65.732666,0.000011,0.000000,-6.175335,0.00000000,0.00000000,23.211426,0.00000000,0.000000,0.000000
77.898827,4,0,0.000000,0.000000,63.880371,0.000011,0.000000,-6.174793,0.00000000,0.00000000,23.211426,0.00000000,0.000000,0.000000
78.198822,4,0,0.000000,0.000000,62.028076,0.000011,0.000000,-6.174244,0.00000000,0.00000000,23.211548,0.00000000,0.000000,0.000000
78.498817,4,0,0.000000,0.000000,60.175781,0.000011,0.000000,-6.173698,0.00000000,0.00000000,23.211548,0.00000000,0.000000,0.000000
78.798813,4,0,0.000000,0.000000,58.323608,0.000011,0.000000,-6.173153,0.00000000,0.00000000,23.211426,0.00000000,0.000000,0.000000
79.098808,4,0,0.000000,0.000000,56.472046,0.000011,0.000000,-6.172607,0.00000000,0.00000000,23.211548,0.00000000,0.000000,0.000000
79.398804,4,0,0.000000,0.000000,54.620483,0.000011,0.000000,-6.172058,0.00000000,0.00000000,23.211548,0.00000000,0.000000,0.000000
79.698799,4,0,0.000000,0.000000,52.768921,0.000011,0.000000,-6.171513,0.00000000,0.00000000,23.211548,0.00000000,0.000000,0.000000
79.998795,4,0,0.000000,0.000000,50.917358,0.000011,0.000000,-6.170971,0.00000000,0.00000000,23.211426,0.00000000,0.000000,0.000000
80.298790,4,0,0.000000,0.000000,49.066284,0.000011,0.000000,-6.170433,0.00000000,0.00000000,23.211548,0.00000000,0.000000,0.000000
80.598785,4,0,0.000000,0.000000,47.215454,0.000011,0.000000,-6.169888,0.00000000,0.00000000,23.211548,0.00000000,0.000000,0.000000
80.898781,4,0,0.000000,0.000000,45.364624,0.000011,0.000000,-6.169344,0.00000000,0.00000000,23.211548,0.00000000,0.000000,0.000000
81.198776,4,0,0.000000,0.000000,43.513794,0.000011,0.000000,-6.168800,0.00000000,0.00000000,23.211548,0.00000000,0.000000,0.000000
81.498772,4,0,0.000000,0.000000,41.663086,0.000011,0.000000,-6.168257,0.00000000,0.00000000,23.211548,0.00000000,0.000000,0.000000
81.798767,4,0,0.000000,0.000000,39.812988,0.000011,0.000000,-6.167711,0.00000000,0.00000000,23.211670,0.00000000,0.000000,0.000000
82.098763,4,0,0.000000,0.000000,37.962891,0.000011,0.000000,-6.167164,0.00000000,0.00000000,23.211670,0.00000000,0.000000,0.000000
82.398758,4,0,0.000000,0.000000,36.112793,0.000011,0.000000,-6.166622,0.00000000,0.00000000,23.211670,0.00000000,0.000000,0.000000
82.698753,4,0,0.000000,0.000000,34.262695,0.000011,0.000000,-6.166077,0.00000000,0.00000000,23.211670,0.00000000,0.000000,0.000000
82.998749,4,0,0.000000,0.000000,32.413086,0.000011,0.000000,-6.165539,0.00000000,0.00000000,23.211670,0.00000000,0.000000,0.000000
83.298744,4,0,0.000000,0.000000,30.563721,0.000011,0.000000,-6.164997,0.00000000,0.00000000,23.211670,0.00000000,0.000000,0.000000
83.598740,4,0,0.000000,0.000000,28.714355,0.000011,0.000000,-6.164455,0.00000000,0.00000000,23.211670,0.00000000,0.000000,0.000000
83.898735,4,0,0.000000,0.000000,26.864990,0.000011,0.000000,-6.163914,0.00000000,0.00000000,23.211792,0.00000000,0.000000,0.000000
84.198730,4,0,0.000000,0.000000,25.015747,0.000011,0.000000,-6.163372,0.00000000,0.00000000,23.211792,0.00000000,0.000000,0.000000
84.498726,4,0,0.000000,0.000000,23.167114,0.000011,0.000000,-6.162828,0.00000000,0.00000000,23.211792,0.00000000,0.000000,0.000000
84.798721,4,0,0.000000,0.000000,21.318481,0.000011,0.000000,-6.162291,0.00000000,0.00000000,23.211670,0.00000000,0.000000,0.000000
85.098717,4,0,0.000000,0.000000,19.469849,0.000011,0.000000,-6.161745,0.00000000,0.00000000,23.211670,0.00000000,0.000000,0.000000
85.398712,4,0,0.000000,0.000000,17.621216,0.000011,0.000000,-6.161200,0.00000000,0.00000000,23.211792,0.00000000,0.000000,0.000000
85.698708,4,0,0.000000,0.000000,15.773071,0.000011,0.000000,-6.160666,0.00000000,0.00000000,23.211792,0.00000000,0.000000,0.000000
85.998703,4,0,0.000000,0.000000,13.925171,0.000011,0.000000,-6.160128,0.00000000,0.00000000,23.211792,0.00000000,0.000000,0.000000
86.298698,4,0,0.000000,0.000000,12.077271,0.000011,0.000000,-6.159590,0.00000000,0.00000000,23.211792,0.00000000,0.000000,0.000000
86.598694,4,0,0.000000,0.000000,10.229370,0.000011,0.000000,-6.159048,0.00000000,0.00000000,23.211792,0.00000000,0.000000,0.000000
86.898689,4,0,0.000000,0.000000,8.381592,0.000011,0.000000,-6.158504,0.00000000,0.00000000,23.211792,0.00000000,0.000000,0.000000
87.198685,4,0,0.000000,0.000000,6.534424,0.000011,0.000000,-6.157967,0.00000000,0.00000000,23.211792,0.00000000,0.000000,0.000000
87.498680,4,0,0.000000,0.000000,4.687256,0.000011,0.000000,-6.157423,0.00000000,0.00000000,23.211792,0.00000000,0.000000,0.000000
87.798676,4,0,0.000000,0.000000,2.840088,0.000011,0.000000,-6.156883,0.00000000,0.00000000,23.211914,0.00000000,0.000000,0.000000
88.098671,4,0,0.000000,0.000000,0.992920,0.000011,0.000000,-6.156345,0.00000000,0.00000000,23.211792,0.00000000,0.000000,0.000000
88.298668,5,32,0.000000,0.000000,0.000000,0.000011,0.000000,-6.155985,0.00000000,0.00000000,23.211914,0.00000000,0.000000,0.000000
