generation,index,candidate,feasible,fatal,violations,tier,objective0,objective1,objective2,objective3
0,0,d658ce67,true,0,0,8,1000,4471209,0,0
0,1,5528b356,false,0,1,1,2,4567671,0,0
0,2,4cabcfc5,false,0,1,1,2,4571865,0,0
0,3,ba7fafa8,false,0,1,1,2,4571865,0,0
0,4,6354c682,false,0,1,1,2,4580253,0,0
0,5,5db9cca3,false,0,1,1,2,4580253,0,0
0,6,045e55cc,false,0,1,1,2,4584447,0,0
0,7,8317b4b5,false,0,1,1,2,4584447,0,0
0,8,06e232a3,false,0,1,1,2,4588641,0,0
0,9,7b63fe80,false,0,1,1,2,4592835,0,0
0,10,50196693,false,0,1,1,2,4597029,0,0
0,11,edb9ecd5,false,0,1,1,2,4450239,0,0
0,12,43d4df56,false,0,1,1,2,4454433,0,0
0,13,25f61328,false,0,1,1,2,4458627,0,0
0,14,646976b0,false,0,1,1,2,4458627,0,0
0,15,4642568f,false,0,1,1,2,4467015,0,0
0,16,349c0fef,false,0,1,1,2,4467015,0,0
0,17,d8dbb95b,false,0,1,1,2,4467015,0,0
0,18,c869fec6,false,0,1,1,2,4471209,0,0
0,19,418902b0,false,0,1,1,2,4475403,0,0
0,20,c380615f,false,0,1,1,2,4479597,0,0
0,21,43f298fd,false,0,1,1,2,4483791,0,0
0,22,79680aee,false,0,1,1,2,4487985,0,0
0,23,2e21b509,false,0,1,1,2,4487985,0,0
0,24,48037977,false,0,1,1,2,4492179,0,0
0,25,d92291fc,false,0,1,1,2,4496373,0,0
0,26,7bfbe7da,false,0,1,1,2,4496373,0,0
0,27,829c08ce,false,0,1,1,2,4500567,0,0
0,28,f1ac3e65,true,0,0,8,951,4504761,15,0
0,29,4b499421,true,0,0,8,950,4508955,16,0
0,30,eefc9a46,true,0,0,8,950,4508955,16,0
0,31,08462d25,false,0,1,1,2,4513149,0,0
0,32,f1a26996,true,0,0,8,907,4517343,0,0
0,33,077609fb,true,0,0,8,906,4517343,0,0
0,34,ebb79275,true,0,0,8,900,4521537,0,0
0,35,ad6569a9,true,0,0,8,901,4525731,0,0
0,36,98d61962,false,0,1,1,2,4529925,0,0
0,37,ae81f7b1,false,0,1,1,2,4529925,0,0
0,38,7ba9171d,false,0,1,1,2,4534119,0,0
0,39,ae9722b5,true,0,0,8,890,4538313,0,0
0,40,5888e555,true,0,0,8,890,4538313,0,0
0,41,a71d7d04,false,0,1,1,2,4542507,0,0
0,42,63020669,false,0,1,1,2,4546701,0,0
0,43,d9e7ac2d,false,0,1,1,2,4550895,0,0
0,44,2c20172c,false,0,1,1,2,4550895,0,0
0,45,e835e5e6,false,0,1,1,2,4555089,0,0
0,46,3fb1291e,false,0,1,1,2,4559283,0,0
0,47,798b38e5,false,0,1,1,2,4559283,0,0
1,0,077609fb,true,0,0,8,906,4517343,0,0
1,1,5888e555,true,0,0,8,890,4538313,0,0
1,2,d658ce67,true,0,0,8,1000,4471209,0,0
1,3,e12461cf,true,0,0,8,888,4492179,9,0
1,4,ebb79275,true,0,0,8,900,4521537,0,0
1,5,ad6569a9,true,0,0,8,901,4525731,0,0
1,6,ae9722b5,true,0,0,8,890,4538313,0,0
1,7,dd8714ed,true,0,0,8,903,4492179,9,0
1,8,f1a26996,true,0,0,8,907,4517343,0,0
1,9,51f3371b,true,0,0,8,933,4492179,9,0
1,10,4b499421,true,0,0,8,950,4508955,16,0
1,11,b0417f7f,true,0,0,8,975,4492179,9,0
1,12,f5359bb5,true,0,0,8,967,4492179,11,0
1,13,f1ac3e65,true,0,0,8,951,4504761,15,0
1,14,c19a6310,true,0,0,8,990,4492179,9,0
1,15,eefc9a46,true,0,0,8,950,4508955,16,0
1,16,c907953b,true,0,0,8,1041,4492179,10,0
1,17,79d0c3ef,true,0,0,8,1083,4492179,10,0
1,18,73d83ed2,true,0,0,8,1147,4492179,10,0
1,19,045e55cc,false,0,1,1,2,4584447,0,0
1,20,50196693,false,0,1,1,2,4597029,0,0
1,21,edb9ecd5,false,0,1,1,2,4450239,0,0
1,22,08462d25,false,0,1,1,2,4513149,0,0
1,23,829c08ce,false,0,1,1,2,4500567,0,0
1,24,98d61962,false,0,1,1,2,4529925,0,0
1,25,5528b356,false,0,1,1,2,4567671,0,0
1,26,7ba9171d,false,0,1,1,2,4534119,0,0
1,27,a71d7d04,false,0,1,1,2,4542507,0,0
1,28,06e232a3,false,0,1,1,2,4588641,0,0
1,29,349c0fef,false,0,1,1,2,4467015,0,0
1,30,418902b0,false,0,1,1,2,4475403,0,0
1,31,43d4df56,false,0,1,1,2,4454433,0,0
1,32,43f298fd,false,0,1,1,2,4483791,0,0
1,33,48037977,false,0,1,1,2,4492179,0,0
1,34,5db9cca3,false,0,1,1,2,4580253,0,0
1,35,63020669,false,0,1,1,2,4546701,0,0
1,36,646976b0,false,0,1,1,2,4458627,0,0
1,37,798b38e5,false,0,1,1,2,4559283,0,0
1,38,7b63fe80,false,0,1,1,2,4592835,0,0
1,39,ba7fafa8,false,0,1,1,2,4571865,0,0
1,40,c380615f,false,0,1,1,2,4479597,0,0
1,41,c869fec6,false,0,1,1,2,4471209,0,0
1,42,e835e5e6,false,0,1,1,2,4555089,0,0
1,43,25f61328,false,0,1,1,2,4458627,0,0
1,44,2c20172c,false,0,1,1,2,4550895,0,0
1,45,2e21b509,false,0,1,1,2,4487985,0,0
1,46,3fb1291e,false,0,1,1,2,4559283,0,0
1,47,4cabcfc5,false,0,1,1,2,4571865,0,0
2,0,077609fb,true,0,0,8,906,4517343,0,0
2,1,5888e555,true,0,0,8,890,4538313,0,0
2,2,d658ce67,true,0,0,8,1000,4471209,0,0
2,3,e12461cf,true,0,0,8,888,4492179,9,0
2,4,ebb79275,true,0,0,8,900,4521537,0,0
2,5,ad6569a9,true,0,0,8,901,4525731,0,0
2,6,ae9722b5,true,0,0,8,890,4538313,0,0
2,7,dd8714ed,true,0,0,8,903,4492179,9,0
2,8,f1a26996,true,0,0,8,907,4517343,0,0
2,9,51f3371b,true,0,0,8,933,4492179,9,0
2,10,4b499421,true,0,0,8,950,4508955,16,0
2,11,b0417f7f,true,0,0,8,975,4492179,9,0
2,12,f5359bb5,true,0,0,8,967,4492179,11,0
2,13,f1ac3e65,true,0,0,8,951,4504761,15,0
2,14,c19a6310,true,0,0,8,990,4492179,9,0
2,15,eefc9a46,true,0,0,8,950,4508955,16,0
2,16,c907953b,true,0,0,8,1041,4492179,10,0
2,17,79d0c3ef,true,0,0,8,1083,4492179,10,0
2,18,73d83ed2,true,0,0,8,1147,4492179,10,0
2,19,045e55cc,false,0,1,1,2,4584447,0,0
2,20,50196693,false,0,1,1,2,4597029,0,0
2,21,edb9ecd5,false,0,1,1,2,4450239,0,0
2,22,f68c2dc3,false,0,1,1,2,4592835,0,0
2,23,08462d25,false,0,1,1,2,4513149,0,0
2,24,829c08ce,false,0,1,1,2,4500567,0,0
2,25,98d61962,false,0,1,1,2,4529925,0,0
2,26,349c0fef,false,0,1,1,2,4467015,0,0
2,27,48037977,false,0,1,1,2,4492179,0,0
2,28,5528b356,false,0,1,1,2,4567671,0,0
2,29,5db9cca3,false,0,1,1,2,4580253,0,0
2,30,7ba9171d,false,0,1,1,2,4534119,0,0
2,31,a71d7d04,false,0,1,1,2,4542507,0,0
2,32,06e232a3,false,0,1,1,2,4588641,0,0
2,33,2c20172c,false,0,1,1,2,4550895,0,0
2,34,2e21b509,false,0,1,1,2,4487985,0,0
2,35,418902b0,false,0,1,1,2,4475403,0,0
2,36,43d4df56,false,0,1,1,2,4454433,0,0
2,37,43f298fd,false,0,1,1,2,4483791,0,0
2,38,63020669,false,0,1,1,2,4546701,0,0
2,39,646976b0,false,0,1,1,2,4458627,0,0
2,40,798b38e5,false,0,1,1,2,4559283,0,0
2,41,ba7fafa8,false,0,1,1,2,4571865,0,0
2,42,c380615f,false,0,1,1,2,4479597,0,0
2,43,c869fec6,false,0,1,1,2,4471209,0,0
2,44,e835e5e6,false,0,1,1,2,4555089,0,0
2,45,25f61328,false,0,1,1,2,4458627,0,0
2,46,3fb1291e,false,0,1,1,2,4559283,0,0
2,47,4cabcfc5,false,0,1,1,2,4571865,0,0
3,0,0549a107,true,0,0,8,886,4529925,0,0
3,1,d658ce67,true,0,0,8,1000,4471209,0,0
3,2,e12461cf,true,0,0,8,888,4492179,9,0
3,3,077609fb,true,0,0,8,906,4517343,0,0
3,4,ebb79275,true,0,0,8,900,4521537,0,0
3,5,5888e555,true,0,0,8,890,4538313,0,0
3,6,dd8714ed,true,0,0,8,903,4492179,9,0
3,7,f1a26996,true,0,0,8,907,4517343,0,0
3,8,ad6569a9,true,0,0,8,901,4525731,0,0
3,9,7492bd68,true,0,0,8,891,4529925,0,0
3,10,51f3371b,true,0,0,8,933,4492179,9,0
3,11,7c0f4b43,true,0,0,8,898,4529925,0,0
3,12,ae9722b5,true,0,0,8,890,4538313,0,0
3,13,4b499421,true,0,0,8,950,4508955,16,0
3,14,b0417f7f,true,0,0,8,975,4492179,9,0
3,15,ccd81d97,true,0,0,8,900,4529925,0,0
3,16,f5359bb5,true,0,0,8,967,4492179,11,0
3,17,f1ac3e65,true,0,0,8,951,4504761,15,0
3,18,c19a6310,true,0,0,8,990,4492179,9,0
3,19,c6d0e0aa,true,0,0,8,903,4529925,0,0
3,20,eefc9a46,true,0,0,8,950,4508955,16,0
3,21,5cb1499c,true,0,0,8,912,4529925,0,0
3,22,c907953b,true,0,0,8,1041,4492179,10,0
3,23,60123cbe,true,0,0,8,912,4529925,0,0
3,24,79d0c3ef,true,0,0,8,1083,4492179,10,0
3,25,73d83ed2,true,0,0,8,1147,4492179,10,0
3,26,d0c56a6a,true,0,0,8,923,4529925,0,0
3,27,045e55cc,false,0,1,1,2,4584447,0,0
3,28,50196693,false,0,1,1,2,4597029,0,0
3,29,edb9ecd5,false,0,1,1,2,4450239,0,0
3,30,f8ba4ffb,false,0,1,1,2,4529925,0,0
3,31,08462d25,false,0,1,1,2,4513149,0,0
3,32,829c08ce,false,0,1,1,2,4500567,0,0
3,33,4265e412,false,0,1,1,2,4529925,0,0
3,34,349c0fef,false,0,1,1,2,4467015,0,0
3,35,48037977,false,0,1,1,2,4492179,0,0
3,36,5528b356,false,0,1,1,2,4567671,0,0
3,37,5db9cca3,false,0,1,1,2,4580253,0,0
3,38,7ba9171d,false,0,1,1,2,4534119,0,0
3,39,a71d7d04,false,0,1,1,2,4542507,0,0
3,40,06e232a3,false,0,1,1,2,4588641,0,0
3,41,2c20172c,false,0,1,1,2,4550895,0,0
3,42,2e21b509,false,0,1,1,2,4487985,0,0
3,43,418902b0,false,0,1,1,2,4475403,0,0
3,44,43d4df56,false,0,1,1,2,4454433,0,0
3,45,43f298fd,false,0,1,1,2,4483791,0,0
3,46,63020669,false,0,1,1,2,4546701,0,0
3,47,646976b0,false,0,1,1,2,4458627,0,0
4,0,0549a107,true,0,0,8,886,4529925,0,0
4,1,d658ce67,true,0,0,8,1000,4471209,0,0
4,2,e12461cf,true,0,0,8,888,4492179,9,0
4,3,077609fb,true,0,0,8,906,4517343,0,0
4,4,ebb79275,true,0,0,8,900,4521537,0,0
4,5,5888e555,true,0,0,8,890,4538313,0,0
4,6,dd8714ed,true,0,0,8,903,4492179,9,0
4,7,f1a26996,true,0,0,8,907,4517343,0,0
4,8,ad6569a9,true,0,0,8,901,4525731,0,0
4,9,7492bd68,true,0,0,8,891,4529925,0,0
4,10,51f3371b,true,0,0,8,933,4492179,9,0
4,11,7c0f4b43,true,0,0,8,898,4529925,0,0
4,12,ae9722b5,true,0,0,8,890,4538313,0,0
4,13,d6d72f4f,true,0,0,8,932,4521537,12,0
4,14,4b499421,true,0,0,8,950,4508955,16,0
4,15,b0417f7f,true,0,0,8,975,4492179,9,0
4,16,ccd81d97,true,0,0,8,900,4529925,0,0
4,17,a70c3320,true,0,0,8,943,4521537,12,0
4,18,f1ac3e65,true,0,0,8,951,4504761,15,0
4,19,f5359bb5,true,0,0,8,967,4492179,11,0
4,20,af91c50b,true,0,0,8,959,4521537,11,0
4,21,c19a6310,true,0,0,8,990,4492179,9,0
4,22,c6d0e0aa,true,0,0,8,903,4529925,0,0
4,23,eefc9a46,true,0,0,8,950,4508955,16,0
4,24,1f4693df,true,0,0,8,970,4521537,11,0
4,25,b38cb2f6,true,0,0,8,959,4521537,12,0
4,26,154e6ee2,true,0,0,8,980,4521537,12,0
4,27,5cb1499c,true,0,0,8,912,4529925,0,0
4,28,c907953b,true,0,0,8,1041,4492179,10,0
4,29,60123cbe,true,0,0,8,912,4529925,0,0
4,30,79d0c3ef,true,0,0,8,1083,4492179,10,0
4,31,8f2fc7d4,true,0,0,8,985,4521537,12,0
4,32,035be422,true,0,0,8,1039,4521537,12,0
4,33,73d83ed2,true,0,0,8,1147,4492179,10,0
4,34,d0c56a6a,true,0,0,8,923,4529925,0,0
4,35,503a8a28,true,0,0,8,1113,4521537,11,0
4,36,045e55cc,false,0,1,1,2,4584447,0,0
4,37,50196693,false,0,1,1,2,4597029,0,0
4,38,edb9ecd5,false,0,1,1,2,4450239,0,0
4,39,f8ba4ffb,false,0,1,1,2,4529925,0,0
4,40,08462d25,false,0,1,1,2,4513149,0,0
4,41,5528b356,false,0,1,1,2,4567671,0,0
4,42,2c20172c,false,0,1,1,2,4550895,0,0
4,43,829c08ce,false,0,1,1,2,4500567,0,0
4,44,349c0fef,false,0,1,1,2,4467015,0,0
4,45,418902b0,false,0,1,1,2,4475403,0,0
4,46,4265e412,false,0,1,1,2,4529925,0,0
4,47,5db9cca3,false,0,1,1,2,4580253,0,0
5,0,0549a107,true,0,0,8,886,4529925,0,0
5,1,af128e1a,true,0,0,8,873,4517343,12,0
5,2,d658ce67,true,0,0,8,1000,4471209,0,0
5,3,e12461cf,true,0,0,8,888,4492179,9,0
5,4,077609fb,true,0,0,8,906,4517343,0,0
5,5,ebb79275,true,0,0,8,900,4521537,0,0
5,6,17582ee5,true,0,0,8,878,4517343,11,0
5,7,1d50d3d8,true,0,0,8,883,4517343,10,0
5,8,5888e555,true,0,0,8,890,4538313,0,0
5,9,a78f7831,true,0,0,8,875,4517343,12,0
5,10,dd8714ed,true,0,0,8,903,4492179,9,0
5,11,f1a26996,true,0,0,8,907,4517343,0,0
5,12,87317aee,true,0,0,8,889,4517343,10,0
5,13,ad6569a9,true,0,0,8,901,4525731,0,0
5,14,7492bd68,true,0,0,8,891,4529925,0,0
5,15,0b455918,true,0,0,8,901,4517343,10,0
5,16,51f3371b,true,0,0,8,933,4492179,9,0
5,17,7c0f4b43,true,0,0,8,898,4529925,0,0
5,18,ae9722b5,true,0,0,8,890,4538313,0,0
5,19,4b499421,true,0,0,8,950,4508955,16,0
5,20,b0417f7f,true,0,0,8,975,4492179,9,0
5,21,ccd81d97,true,0,0,8,900,4529925,0,0
5,22,58243712,true,0,0,8,901,4517343,10,0
5,23,f1ac3e65,true,0,0,8,951,4504761,15,0
5,24,f5359bb5,true,0,0,8,967,4492179,11,0
5,25,c19a6310,true,0,0,8,990,4492179,9,0
5,26,c6d0e0aa,true,0,0,8,903,4529925,0,0
5,27,eefc9a46,true,0,0,8,950,4508955,16,0
5,28,d6d72f4f,true,0,0,8,932,4521537,12,0
5,29,29ff2b7d,true,0,0,8,977,4517343,10,0
5,30,af91c50b,true,0,0,8,959,4521537,11,0
5,31,5cb1499c,true,0,0,8,912,4529925,0,0
5,32,a70c3320,true,0,0,8,943,4521537,12,0
5,33,c907953b,true,0,0,8,1041,4492179,10,0
5,34,bb920fcc,true,0,0,8,978,4517343,10,0
5,35,1f4693df,true,0,0,8,970,4521537,11,0
5,36,60123cbe,true,0,0,8,912,4529925,0,0
5,37,79d0c3ef,true,0,0,8,1083,4492179,10,0
5,38,b38cb2f6,true,0,0,8,959,4521537,12,0
5,39,154e6ee2,true,0,0,8,980,4521537,12,0
5,40,73d83ed2,true,0,0,8,1147,4492179,10,0
5,41,d0c56a6a,true,0,0,8,923,4529925,0,0
5,42,503a8a28,true,0,0,8,1113,4521537,11,0
5,43,8f2fc7d4,true,0,0,8,985,4521537,12,0
5,44,035be422,true,0,0,8,1039,4521537,12,0
5,45,045e55cc,false,0,1,1,2,4584447,0,0
5,46,50196693,false,0,1,1,2,4597029,0,0
5,47,edb9ecd5,false,0,1,1,2,4450239,0,0
6,0,0549a107,true,0,0,8,886,4529925,0,0
6,1,76ffef39,true,0,0,8,872,4521537,9,0
6,2,af128e1a,true,0,0,8,873,4517343,12,0
6,3,d658ce67,true,0,0,8,1000,4471209,0,0
6,4,077609fb,true,0,0,8,906,4517343,0,0
6,5,e12461cf,true,0,0,8,888,4492179,9,0
6,6,ebb79275,true,0,0,8,900,4521537,0,0
6,7,9ebd054c,true,0,0,8,880,4521537,7,0
6,8,17582ee5,true,0,0,8,878,4517343,11,0
6,9,1d50d3d8,true,0,0,8,883,4517343,10,0
6,10,5888e555,true,0,0,8,890,4538313,0,0
6,11,a78f7831,true,0,0,8,875,4517343,12,0
6,12,dd8714ed,true,0,0,8,903,4492179,9,0
6,13,f1a26996,true,0,0,8,907,4517343,0,0
6,14,9620f367,true,0,0,8,883,4521537,7,0
6,15,87317aee,true,0,0,8,889,4517343,10,0
6,16,7492bd68,true,0,0,8,891,4529925,0,0
6,17,ad6569a9,true,0,0,8,901,4525731,0,0
6,18,ef661923,true,0,0,8,875,4521537,9,0
6,19,0b455918,true,0,0,8,901,4517343,10,0
6,20,26f7a5b3,true,0,0,8,887,4521537,7,0
6,21,51f3371b,true,0,0,8,933,4492179,9,0
6,22,7c0f4b43,true,0,0,8,898,4529925,0,0
6,23,ae9722b5,true,0,0,8,890,4538313,0,0
6,24,4b499421,true,0,0,8,950,4508955,16,0
6,25,b0417f7f,true,0,0,8,975,4492179,9,0
6,26,ccd81d97,true,0,0,8,900,4529925,0,0
6,27,58243712,true,0,0,8,901,4517343,10,0
6,28,f1ac3e65,true,0,0,8,951,4504761,15,0
6,29,f5359bb5,true,0,0,8,967,4492179,11,0
6,30,c19a6310,true,0,0,8,990,4492179,9,0
6,31,c6d0e0aa,true,0,0,8,903,4529925,0,0
6,32,eefc9a46,true,0,0,8,950,4508955,16,0
6,33,d6d72f4f,true,0,0,8,932,4521537,12,0
6,34,29ff2b7d,true,0,0,8,977,4517343,10,0
6,35,af91c50b,true,0,0,8,959,4521537,11,0
6,36,5cb1499c,true,0,0,8,912,4529925,0,0
6,37,a70c3320,true,0,0,8,943,4521537,12,0
6,38,c907953b,true,0,0,8,1041,4492179,10,0
6,39,bb920fcc,true,0,0,8,978,4517343,10,0
6,40,1f4693df,true,0,0,8,970,4521537,11,0
6,41,60123cbe,true,0,0,8,912,4529925,0,0
6,42,79d0c3ef,true,0,0,8,1083,4492179,10,0
6,43,b38cb2f6,true,0,0,8,959,4521537,12,0
6,44,154e6ee2,true,0,0,8,980,4521537,12,0
6,45,73d83ed2,true,0,0,8,1147,4492179,10,0
6,46,d0c56a6a,true,0,0,8,923,4529925,0,0
6,47,503a8a28,true,0,0,8,1113,4521537,11,0
7,0,0549a107,true,0,0,8,886,4529925,0,0
7,1,76ffef39,true,0,0,8,872,4521537,9,0
7,2,af128e1a,true,0,0,8,873,4517343,12,0
7,3,d658ce67,true,0,0,8,1000,4471209,0,0
7,4,4699bb3a,true,0,0,8,953,4508955,0,0
7,5,ebb79275,true,0,0,8,900,4521537,0,0
7,6,e12461cf,true,0,0,8,888,4492179,9,0
7,7,9ebd054c,true,0,0,8,880,4521537,7,0
7,8,077609fb,true,0,0,8,906,4517343,0,0
7,9,17582ee5,true,0,0,8,878,4517343,11,0
7,10,1d50d3d8,true,0,0,8,883,4517343,10,0
7,11,5888e555,true,0,0,8,890,4538313,0,0
7,12,7a3ace18,true,0,0,8,953,4508955,0,0
7,13,a78f7831,true,0,0,8,875,4517343,12,0
7,14,dd8714ed,true,0,0,8,903,4492179,9,0
7,15,f1a26996,true,0,0,8,907,4517343,0,0
7,16,9620f367,true,0,0,8,883,4521537,7,0
7,17,87317aee,true,0,0,8,889,4517343,10,0
7,18,7492bd68,true,0,0,8,891,4529925,0,0
7,19,ad6569a9,true,0,0,8,901,4525731,0,0
7,20,ef661923,true,0,0,8,875,4521537,9,0
7,21,0b455918,true,0,0,8,901,4517343,10,0
7,22,26f7a5b3,true,0,0,8,887,4521537,7,0
7,23,51f3371b,true,0,0,8,933,4492179,9,0
7,24,7c0f4b43,true,0,0,8,898,4529925,0,0
7,25,998cf6c6,true,0,0,8,966,4508955,0,0
7,26,ae9722b5,true,0,0,8,890,4538313,0,0
7,27,4b499421,true,0,0,8,950,4508955,16,0
7,28,b0417f7f,true,0,0,8,975,4492179,9,0
7,29,caed98cc,true,0,0,8,966,4508955,0,0
7,30,ccd81d97,true,0,0,8,900,4529925,0,0
7,31,58243712,true,0,0,8,901,4517343,10,0
7,32,f1ac3e65,true,0,0,8,951,4504761,15,0
7,33,f5359bb5,true,0,0,8,967,4492179,11,0
7,34,c19a6310,true,0,0,8,990,4492179,9,0
7,35,c6d0e0aa,true,0,0,8,903,4529925,0,0
7,36,eefc9a46,true,0,0,8,950,4508955,16,0
7,37,e857eaa9,true,0,0,8,975,4508955,0,0
7,38,d6d72f4f,true,0,0,8,932,4521537,12,0
7,39,af91c50b,true,0,0,8,959,4521537,11,0
7,40,584d16b4,true,0,0,8,979,4508955,0,0
7,41,5cb1499c,true,0,0,8,912,4529925,0,0
7,42,a70c3320,true,0,0,8,943,4521537,12,0
7,43,c907953b,true,0,0,8,1041,4492179,10,0
7,44,29ff2b7d,true,0,0,8,977,4517343,10,0
7,45,1f4693df,true,0,0,8,970,4521537,11,0
7,46,60123cbe,true,0,0,8,912,4529925,0,0
7,47,79d0c3ef,true,0,0,8,1083,4492179,10,0
8,0,0549a107,true,0,0,8,886,4529925,0,0
8,1,76ffef39,true,0,0,8,872,4521537,9,0
8,2,af128e1a,true,0,0,8,873,4517343,12,0
8,3,d658ce67,true,0,0,8,1000,4471209,0,0
8,4,4699bb3a,true,0,0,8,953,4508955,0,0
8,5,ebb79275,true,0,0,8,900,4521537,0,0
8,6,e12461cf,true,0,0,8,888,4492179,9,0
8,7,9ebd054c,true,0,0,8,880,4521537,7,0
8,8,077609fb,true,0,0,8,906,4517343,0,0
8,9,17582ee5,true,0,0,8,878,4517343,11,0
8,10,1d50d3d8,true,0,0,8,883,4517343,10,0
8,11,5888e555,true,0,0,8,890,4538313,0,0
8,12,7a3ace18,true,0,0,8,953,4508955,0,0
8,13,a78f7831,true,0,0,8,875,4517343,12,0
8,14,dd8714ed,true,0,0,8,903,4492179,9,0
8,15,f1a26996,true,0,0,8,907,4517343,0,0
8,16,9620f367,true,0,0,8,883,4521537,7,0
8,17,87317aee,true,0,0,8,889,4517343,10,0
8,18,7492bd68,true,0,0,8,891,4529925,0,0
8,19,ad6569a9,true,0,0,8,901,4525731,0,0
8,20,ef661923,true,0,0,8,875,4521537,9,0
8,21,0b455918,true,0,0,8,901,4517343,10,0
8,22,26f7a5b3,true,0,0,8,887,4521537,7,0
8,23,51f3371b,true,0,0,8,933,4492179,9,0
8,24,7c0f4b43,true,0,0,8,898,4529925,0,0
8,25,998cf6c6,true,0,0,8,966,4508955,0,0
8,26,ae9722b5,true,0,0,8,890,4538313,0,0
8,27,4b499421,true,0,0,8,950,4508955,16,0
8,28,b0417f7f,true,0,0,8,975,4492179,9,0
8,29,caed98cc,true,0,0,8,966,4508955,0,0
8,30,ccd81d97,true,0,0,8,900,4529925,0,0
8,31,58243712,true,0,0,8,901,4517343,10,0
8,32,f1ac3e65,true,0,0,8,951,4504761,15,0
8,33,f5359bb5,true,0,0,8,967,4492179,11,0
8,34,c19a6310,true,0,0,8,990,4492179,9,0
8,35,c6d0e0aa,true,0,0,8,903,4529925,0,0
8,36,eefc9a46,true,0,0,8,950,4508955,16,0
8,37,e857eaa9,true,0,0,8,975,4508955,0,0
8,38,d6d72f4f,true,0,0,8,932,4521537,12,0
8,39,af91c50b,true,0,0,8,959,4521537,11,0
8,40,584d16b4,true,0,0,8,979,4508955,0,0
8,41,5cb1499c,true,0,0,8,912,4529925,0,0
8,42,a70c3320,true,0,0,8,943,4521537,12,0
8,43,c907953b,true,0,0,8,1041,4492179,10,0
8,44,29ff2b7d,true,0,0,8,977,4517343,10,0
8,45,1f4693df,true,0,0,8,970,4521537,11,0
8,46,60123cbe,true,0,0,8,912,4529925,0,0
8,47,79d0c3ef,true,0,0,8,1083,4492179,10,0
9,0,0549a107,true,0,0,8,886,4529925,0,0
9,1,76ffef39,true,0,0,8,872,4521537,9,0
9,2,af128e1a,true,0,0,8,873,4517343,12,0
9,3,d658ce67,true,0,0,8,1000,4471209,0,0
9,4,4699bb3a,true,0,0,8,953,4508955,0,0
9,5,e12461cf,true,0,0,8,888,4492179,9,0
9,6,ebb79275,true,0,0,8,900,4521537,0,0
9,7,a4ed6f94,true,0,0,8,888,4517343,5,0
9,8,077609fb,true,0,0,8,906,4517343,0,0
9,9,17582ee5,true,0,0,8,878,4517343,11,0
9,10,1e32c47d,true,0,0,8,881,4517343,7,0
9,11,9ebd054c,true,0,0,8,880,4521537,7,0
9,12,5888e555,true,0,0,8,890,4538313,0,0
9,13,7a3ace18,true,0,0,8,953,4508955,0,0
9,14,a78f7831,true,0,0,8,875,4517343,12,0
9,15,dd8714ed,true,0,0,8,903,4492179,9,0
9,16,f1a26996,true,0,0,8,907,4517343,0,0
9,17,3e8cc6a2,true,0,0,8,895,4517343,5,0
9,18,1d50d3d8,true,0,0,8,883,4517343,10,0
9,19,7492bd68,true,0,0,8,891,4529925,0,0
9,20,ad6569a9,true,0,0,8,901,4525731,0,0
9,21,ef661923,true,0,0,8,875,4521537,9,0
9,22,9620f367,true,0,0,8,883,4521537,7,0
9,23,aee592a9,true,0,0,8,884,4517343,7,0
9,24,26f7a5b3,true,0,0,8,887,4521537,7,0
9,25,51f3371b,true,0,0,8,933,4492179,9,0
9,26,7c0f4b43,true,0,0,8,898,4529925,0,0
9,27,87317aee,true,0,0,8,889,4517343,10,0
9,28,998cf6c6,true,0,0,8,966,4508955,0,0
9,29,ae9722b5,true,0,0,8,890,4538313,0,0
9,30,022fb380,true,0,0,8,899,4517343,5,0
9,31,8e963abf,true,0,0,8,944,4517343,3,0
9,32,b2354f9d,true,0,0,8,935,4517343,4,0
9,33,4b499421,true,0,0,8,950,4508955,16,0
9,34,b0417f7f,true,0,0,8,975,4492179,9,0
9,35,caed98cc,true,0,0,8,966,4508955,0,0
9,36,ccd81d97,true,0,0,8,900,4529925,0,0
9,37,b2f8e554,true,0,0,8,906,4517343,5,0
9,38,f1ac3e65,true,0,0,8,951,4504761,15,0
9,39,3e416c6b,true,0,0,8,948,4517343,3,0
9,40,f5359bb5,true,0,0,8,967,4492179,11,0
9,41,0b455918,true,0,0,8,901,4517343,10,0
9,42,58243712,true,0,0,8,901,4517343,10,0
9,43,c19a6310,true,0,0,8,990,4492179,9,0
9,44,c6d0e0aa,true,0,0,8,903,4529925,0,0
9,45,eefc9a46,true,0,0,8,950,4508955,16,0
9,46,e1998b5e,true,0,0,8,906,4517343,5,0
9,47,e857eaa9,true,0,0,8,975,4508955,0,0
10,0,0549a107,true,0,0,8,886,4529925,0,0
10,1,76ffef39,true,0,0,8,872,4521537,9,0
10,2,af128e1a,true,0,0,8,873,4517343,12,0
10,3,d658ce67,true,0,0,8,1000,4471209,0,0
10,4,4699bb3a,true,0,0,8,953,4508955,0,0
10,5,e12461cf,true,0,0,8,888,4492179,9,0
10,6,ebb79275,true,0,0,8,900,4521537,0,0
10,7,a4ed6f94,true,0,0,8,888,4517343,5,0
10,8,077609fb,true,0,0,8,906,4517343,0,0
10,9,17582ee5,true,0,0,8,878,4517343,11,0
10,10,1e32c47d,true,0,0,8,881,4517343,7,0
10,11,9ebd054c,true,0,0,8,880,4521537,7,0
10,12,5888e555,true,0,0,8,890,4538313,0,0
10,13,7a3ace18,true,0,0,8,953,4508955,0,0
10,14,a78f7831,true,0,0,8,875,4517343,12,0
10,15,dd8714ed,true,0,0,8,903,4492179,9,0
10,16,f1a26996,true,0,0,8,907,4517343,0,0
10,17,3e8cc6a2,true,0,0,8,895,4517343,5,0
10,18,1d50d3d8,true,0,0,8,883,4517343,10,0
10,19,7492bd68,true,0,0,8,891,4529925,0,0
10,20,ad6569a9,true,0,0,8,901,4525731,0,0
10,21,ef661923,true,0,0,8,875,4521537,9,0
10,22,9620f367,true,0,0,8,883,4521537,7,0
10,23,aee592a9,true,0,0,8,884,4517343,7,0
10,24,26f7a5b3,true,0,0,8,887,4521537,7,0
10,25,51f3371b,true,0,0,8,933,4492179,9,0
10,26,7c0f4b43,true,0,0,8,898,4529925,0,0
10,27,87317aee,true,0,0,8,889,4517343,10,0
10,28,998cf6c6,true,0,0,8,966,4508955,0,0
10,29,ae9722b5,true,0,0,8,890,4538313,0,0
10,30,022fb380,true,0,0,8,899,4517343,5,0
10,31,8e963abf,true,0,0,8,944,4517343,3,0
10,32,b2354f9d,true,0,0,8,935,4517343,4,0
10,33,4b499421,true,0,0,8,950,4508955,16,0
10,34,b0417f7f,true,0,0,8,975,4492179,9,0
10,35,caed98cc,true,0,0,8,966,4508955,0,0
10,36,ccd81d97,true,0,0,8,900,4529925,0,0
10,37,b2f8e554,true,0,0,8,906,4517343,5,0
10,38,f1ac3e65,true,0,0,8,951,4504761,15,0
10,39,3e416c6b,true,0,0,8,948,4517343,3,0
10,40,f5359bb5,true,0,0,8,967,4492179,11,0
10,41,0b455918,true,0,0,8,901,4517343,10,0
10,42,58243712,true,0,0,8,901,4517343,10,0
10,43,c19a6310,true,0,0,8,990,4492179,9,0
10,44,c6d0e0aa,true,0,0,8,903,4529925,0,0
10,45,eefc9a46,true,0,0,8,950,4508955,16,0
10,46,e1998b5e,true,0,0,8,906,4517343,5,0
10,47,e857eaa9,true,0,0,8,975,4508955,0,0
11,0,0549a107,true,0,0,8,886,4529925,0,0
11,1,76ffef39,true,0,0,8,872,4521537,9,0
11,2,af128e1a,true,0,0,8,873,4517343,12,0
11,3,d658ce67,true,0,0,8,1000,4471209,0,0
11,4,4699bb3a,true,0,0,8,953,4508955,0,0
11,5,e12461cf,true,0,0,8,888,4492179,9,0
11,6,ebb79275,true,0,0,8,900,4521537,0,0
11,7,a4ed6f94,true,0,0,8,888,4517343,5,0
11,8,077609fb,true,0,0,8,906,4517343,0,0
11,9,17582ee5,true,0,0,8,878,4517343,11,0
11,10,1e32c47d,true,0,0,8,881,4517343,7,0
11,11,9ebd054c,true,0,0,8,880,4521537,7,0
11,12,5888e555,true,0,0,8,890,4538313,0,0
11,13,7a3ace18,true,0,0,8,953,4508955,0,0
11,14,a78f7831,true,0,0,8,875,4517343,12,0
11,15,dd8714ed,true,0,0,8,903,4492179,9,0
11,16,f1a26996,true,0,0,8,907,4517343,0,0
11,17,3e8cc6a2,true,0,0,8,895,4517343,5,0
11,18,1d50d3d8,true,0,0,8,883,4517343,10,0
11,19,7492bd68,true,0,0,8,891,4529925,0,0
11,20,ad6569a9,true,0,0,8,901,4525731,0,0
11,21,ef661923,true,0,0,8,875,4521537,9,0
11,22,9620f367,true,0,0,8,883,4521537,7,0
11,23,aee592a9,true,0,0,8,884,4517343,7,0
11,24,26f7a5b3,true,0,0,8,887,4521537,7,0
11,25,51f3371b,true,0,0,8,933,4492179,9,0
11,26,7c0f4b43,true,0,0,8,898,4529925,0,0
11,27,87317aee,true,0,0,8,889,4517343,10,0
11,28,998cf6c6,true,0,0,8,966,4508955,0,0
11,29,ae9722b5,true,0,0,8,890,4538313,0,0
11,30,022fb380,true,0,0,8,899,4517343,5,0
11,31,966f9302,true,0,0,8,937,4517343,3,0
11,32,b2354f9d,true,0,0,8,935,4517343,4,0
11,33,4b499421,true,0,0,8,950,4508955,16,0
11,34,b0417f7f,true,0,0,8,975,4492179,9,0
11,35,caed98cc,true,0,0,8,966,4508955,0,0
11,36,ccd81d97,true,0,0,8,900,4529925,0,0
11,37,b2f8e554,true,0,0,8,906,4517343,5,0
11,38,f1ac3e65,true,0,0,8,951,4504761,15,0
11,39,aacce620,true,0,0,8,942,4517343,3,0
11,40,f5359bb5,true,0,0,8,967,4492179,11,0
11,41,0b455918,true,0,0,8,901,4517343,10,0
11,42,58243712,true,0,0,8,901,4517343,10,0
11,43,c19a6310,true,0,0,8,990,4492179,9,0
11,44,c6d0e0aa,true,0,0,8,903,4529925,0,0
11,45,eefc9a46,true,0,0,8,950,4508955,16,0
11,46,e1998b5e,true,0,0,8,906,4517343,5,0
11,47,e857eaa9,true,0,0,8,975,4508955,0,0
12,0,0549a107,true,0,0,8,886,4529925,0,0
12,1,76ffef39,true,0,0,8,872,4521537,9,0
12,2,af128e1a,true,0,0,8,873,4517343,12,0
12,3,d658ce67,true,0,0,8,1000,4471209,0,0
12,4,4699bb3a,true,0,0,8,953,4508955,0,0
12,5,e12461cf,true,0,0,8,888,4492179,9,0
12,6,ebb79275,true,0,0,8,900,4521537,0,0
12,7,a4ed6f94,true,0,0,8,888,4517343,5,0
12,8,077609fb,true,0,0,8,906,4517343,0,0
12,9,17582ee5,true,0,0,8,878,4517343,11,0
12,10,1e32c47d,true,0,0,8,881,4517343,7,0
12,11,9ebd054c,true,0,0,8,880,4521537,7,0
12,12,5888e555,true,0,0,8,890,4538313,0,0
12,13,7a3ace18,true,0,0,8,953,4508955,0,0
12,14,a78f7831,true,0,0,8,875,4517343,12,0
12,15,dd8714ed,true,0,0,8,903,4492179,9,0
12,16,f1a26996,true,0,0,8,907,4517343,0,0
12,17,3e8cc6a2,true,0,0,8,895,4517343,5,0
12,18,1d50d3d8,true,0,0,8,883,4517343,10,0
12,19,7492bd68,true,0,0,8,891,4529925,0,0
12,20,ad6569a9,true,0,0,8,901,4525731,0,0
12,21,ef661923,true,0,0,8,875,4521537,9,0
12,22,9620f367,true,0,0,8,883,4521537,7,0
12,23,aee592a9,true,0,0,8,884,4517343,7,0
12,24,26f7a5b3,true,0,0,8,887,4521537,7,0
12,25,51f3371b,true,0,0,8,933,4492179,9,0
12,26,7c0f4b43,true,0,0,8,898,4529925,0,0
12,27,87317aee,true,0,0,8,889,4517343,10,0
12,28,998cf6c6,true,0,0,8,966,4508955,0,0
12,29,ae9722b5,true,0,0,8,890,4538313,0,0
12,30,022fb380,true,0,0,8,899,4517343,5,0
12,31,966f9302,true,0,0,8,937,4517343,3,0
12,32,b2354f9d,true,0,0,8,935,4517343,4,0
12,33,16dbaaeb,true,0,0,8,892,4517343,8,0
12,34,2a78dfc9,true,0,0,8,898,4517343,6,0
12,35,4b499421,true,0,0,8,950,4508955,16,0
12,36,b0417f7f,true,0,0,8,975,4492179,9,0
12,37,caed98cc,true,0,0,8,966,4508955,0,0
12,38,ccd81d97,true,0,0,8,900,4529925,0,0
12,39,b2f8e554,true,0,0,8,906,4517343,5,0
12,40,f1ac3e65,true,0,0,8,951,4504761,15,0
12,41,aacce620,true,0,0,8,942,4517343,3,0
12,42,f5359bb5,true,0,0,8,967,4492179,11,0
12,43,0b455918,true,0,0,8,901,4517343,10,0
12,44,58243712,true,0,0,8,901,4517343,10,0
12,45,c19a6310,true,0,0,8,990,4492179,9,0
12,46,c6d0e0aa,true,0,0,8,903,4529925,0,0
12,47,eefc9a46,true,0,0,8,950,4508955,16,0
13,0,0549a107,true,0,0,8,886,4529925,0,0
13,1,76ffef39,true,0,0,8,872,4521537,9,0
13,2,af128e1a,true,0,0,8,873,4517343,12,0
13,3,d658ce67,true,0,0,8,1000,4471209,0,0
13,4,4699bb3a,true,0,0,8,953,4508955,0,0
13,5,e12461cf,true,0,0,8,888,4492179,9,0
13,6,077609fb,true,0,0,8,906,4517343,0,0
13,7,a4ed6f94,true,0,0,8,888,4517343,5,0
13,8,e7fa33bd,true,0,0,8,887,4521537,0,0
13,9,17582ee5,true,0,0,8,878,4517343,11,0
13,10,1e32c47d,true,0,0,8,881,4517343,7,0
13,11,9ebd054c,true,0,0,8,880,4521537,7,0
13,12,572d6569,true,0,0,8,890,4521537,0,0
13,13,7a3ace18,true,0,0,8,953,4508955,0,0
13,14,a78f7831,true,0,0,8,875,4517343,12,0
13,15,dd8714ed,true,0,0,8,903,4492179,9,0
13,16,ef661923,true,0,0,8,875,4521537,9,0
13,17,f1a26996,true,0,0,8,907,4517343,0,0
13,18,3e8cc6a2,true,0,0,8,895,4517343,5,0
13,19,1d50d3d8,true,0,0,8,883,4517343,10,0
13,20,aee592a9,true,0,0,8,884,4517343,7,0
13,21,9620f367,true,0,0,8,883,4521537,7,0
13,22,26f7a5b3,true,0,0,8,887,4521537,7,0
13,23,51f3371b,true,0,0,8,933,4492179,9,0
13,24,5888e555,true,0,0,8,890,4538313,0,0
13,25,87317aee,true,0,0,8,889,4517343,10,0
13,26,998cf6c6,true,0,0,8,966,4508955,0,0
13,27,022fb380,true,0,0,8,899,4517343,5,0
13,28,966f9302,true,0,0,8,937,4517343,3,0
13,29,7492bd68,true,0,0,8,891,4529925,0,0
13,30,b2354f9d,true,0,0,8,935,4517343,4,0
13,31,5d259854,true,0,0,8,895,4521537,0,0
13,32,16dbaaeb,true,0,0,8,892,4517343,8,0
13,33,2a78dfc9,true,0,0,8,898,4517343,6,0
13,34,4b499421,true,0,0,8,950,4508955,16,0
13,35,7c0f4b43,true,0,0,8,898,4529925,0,0
13,36,ae9722b5,true,0,0,8,890,4538313,0,0
13,37,b0417f7f,true,0,0,8,975,4492179,9,0
13,38,b2f8e554,true,0,0,8,906,4517343,5,0
13,39,f1ac3e65,true,0,0,8,951,4504761,15,0
13,40,aacce620,true,0,0,8,942,4517343,3,0
13,41,f5359bb5,true,0,0,8,967,4492179,11,0
13,42,ebb79275,true,0,0,8,900,4521537,0,0
13,43,0b455918,true,0,0,8,901,4517343,10,0
13,44,caed98cc,true,0,0,8,966,4508955,0,0
13,45,ad6569a9,true,0,0,8,901,4525731,0,0
13,46,c19a6310,true,0,0,8,990,4492179,9,0
13,47,ccd81d97,true,0,0,8,900,4529925,0,0
14,0,0549a107,true,0,0,8,886,4529925,0,0
14,1,619eb059,true,0,0,8,878,4529925,2,0
14,2,76ffef39,true,0,0,8,872,4521537,9,0
14,3,af128e1a,true,0,0,8,873,4517343,12,0
14,4,d658ce67,true,0,0,8,1000,4471209,0,0
14,5,4699bb3a,true,0,0,8,953,4508955,0,0
14,6,e12461cf,true,0,0,8,888,4492179,9,0
14,7,077609fb,true,0,0,8,906,4517343,0,0
14,8,a4ed6f94,true,0,0,8,888,4517343,5,0
14,9,e7fa33bd,true,0,0,8,887,4521537,0,0
14,10,17582ee5,true,0,0,8,878,4517343,11,0
14,11,1e32c47d,true,0,0,8,881,4517343,7,0
14,12,9ebd054c,true,0,0,8,880,4521537,7,0
14,13,1045ac36,true,0,0,8,886,4529925,1,0
14,14,572d6569,true,0,0,8,890,4521537,0,0
14,15,7a3ace18,true,0,0,8,953,4508955,0,0
14,16,a78f7831,true,0,0,8,875,4517343,12,0
14,17,dd8714ed,true,0,0,8,903,4492179,9,0
14,18,f1a26996,true,0,0,8,907,4517343,0,0
14,19,3e8cc6a2,true,0,0,8,895,4517343,5,0
14,20,1d50d3d8,true,0,0,8,883,4517343,10,0
14,21,ef661923,true,0,0,8,875,4521537,9,0
14,22,aee592a9,true,0,0,8,884,4517343,7,0
14,23,9620f367,true,0,0,8,883,4521537,7,0
14,24,26f7a5b3,true,0,0,8,887,4521537,7,0
14,25,51f3371b,true,0,0,8,933,4492179,9,0
14,26,5888e555,true,0,0,8,890,4538313,0,0
14,27,87317aee,true,0,0,8,889,4517343,10,0
14,28,998cf6c6,true,0,0,8,966,4508955,0,0
14,29,022fb380,true,0,0,8,899,4517343,5,0
14,30,966f9302,true,0,0,8,937,4517343,3,0
14,31,18d85a1d,true,0,0,8,890,4529925,1,0
14,32,b2354f9d,true,0,0,8,935,4517343,4,0
14,33,5d259854,true,0,0,8,895,4521537,0,0
14,34,16dbaaeb,true,0,0,8,892,4517343,8,0
14,35,2a78dfc9,true,0,0,8,898,4517343,6,0
14,36,7492bd68,true,0,0,8,891,4529925,0,0
14,37,4b499421,true,0,0,8,950,4508955,16,0
14,38,7c0f4b43,true,0,0,8,898,4529925,0,0
14,39,ae9722b5,true,0,0,8,890,4538313,0,0
14,40,b0417f7f,true,0,0,8,975,4492179,9,0
14,41,b2f8e554,true,0,0,8,906,4517343,5,0
14,42,f1ac3e65,true,0,0,8,951,4504761,15,0
14,43,aacce620,true,0,0,8,942,4517343,3,0
14,44,f5359bb5,true,0,0,8,967,4492179,11,0
14,45,a80f0cc9,true,0,0,8,893,4529925,1,0
14,46,0b455918,true,0,0,8,901,4517343,10,0
14,47,ebb79275,true,0,0,8,900,4521537,0,0
15,0,4699bb3a,true,0,0,8,953,4508955,0,0
15,1,619eb059,true,0,0,8,878,4529925,2,0
15,2,76ffef39,true,0,0,8,872,4521537,9,0
15,3,af128e1a,true,0,0,8,873,4517343,12,0
15,4,d658ce67,true,0,0,8,1000,4471209,0,0
15,5,e12461cf,true,0,0,8,888,4492179,9,0
15,6,1e32c47d,true,0,0,8,881,4517343,7,0
15,7,17582ee5,true,0,0,8,878,4517343,11,0
15,8,9ebd054c,true,0,0,8,880,4521537,7,0
15,9,fb2cbe86,true,0,0,8,884,4517343,0,0
15,10,4bfbe852,true,0,0,8,886,4517343,0,0
15,11,7a3ace18,true,0,0,8,953,4508955,0,0
15,12,a78f7831,true,0,0,8,875,4517343,12,0
15,13,dd8714ed,true,0,0,8,903,4492179,9,0
15,14,ef661923,true,0,0,8,875,4521537,9,0
15,15,9620f367,true,0,0,8,883,4521537,7,0
15,16,1d50d3d8,true,0,0,8,883,4517343,10,0
15,17,aee592a9,true,0,0,8,884,4517343,7,0
15,18,0549a107,true,0,0,8,886,4529925,0,0
15,19,51f3371b,true,0,0,8,933,4492179,9,0
15,20,998cf6c6,true,0,0,8,966,4508955,0,0
15,21,a4ed6f94,true,0,0,8,888,4517343,5,0
15,22,e7fa33bd,true,0,0,8,887,4521537,0,0
15,23,41f3156f,true,0,0,8,893,4517343,0,0
15,24,1045ac36,true,0,0,8,886,4529925,1,0
15,25,4b499421,true,0,0,8,950,4508955,16,0
15,26,572d6569,true,0,0,8,890,4521537,0,0
15,27,b0417f7f,true,0,0,8,975,4492179,9,0
15,28,f1ac3e65,true,0,0,8,951,4504761,15,0
15,29,f5359bb5,true,0,0,8,967,4492179,11,0
15,30,db92bc59,true,0,0,8,899,4517343,0,0
15,31,3e8cc6a2,true,0,0,8,895,4517343,5,0
15,32,16dbaaeb,true,0,0,8,892,4517343,8,0
15,33,26f7a5b3,true,0,0,8,887,4521537,7,0
15,34,87317aee,true,0,0,8,889,4517343,10,0
15,35,18d85a1d,true,0,0,8,890,4529925,1,0
15,36,2a78dfc9,true,0,0,8,898,4517343,6,0
15,37,5888e555,true,0,0,8,890,4538313,0,0
15,38,e731c97b,true,0,0,8,899,4517343,0,0
15,39,5d259854,true,0,0,8,895,4521537,0,0
15,40,7492bd68,true,0,0,8,891,4529925,0,0
15,41,022fb380,true,0,0,8,899,4517343,5,0
15,42,077609fb,true,0,0,8,906,4517343,0,0
15,43,ae9722b5,true,0,0,8,890,4538313,0,0
15,44,a80f0cc9,true,0,0,8,893,4529925,1,0
15,45,ebb79275,true,0,0,8,900,4521537,0,0
15,46,7c0f4b43,true,0,0,8,898,4529925,0,0
15,47,0b455918,true,0,0,8,901,4517343,10,0
16,0,4699bb3a,true,0,0,8,953,4508955,0,0
16,1,619eb059,true,0,0,8,878,4529925,2,0
16,2,76ffef39,true,0,0,8,872,4521537,9,0
16,3,af128e1a,true,0,0,8,873,4517343,12,0
16,4,d658ce67,true,0,0,8,1000,4471209,0,0
16,5,e12461cf,true,0,0,8,888,4492179,9,0
16,6,1e32c47d,true,0,0,8,881,4517343,7,0
16,7,17582ee5,true,0,0,8,878,4517343,11,0
16,8,9ebd054c,true,0,0,8,880,4521537,7,0
16,9,fb2cbe86,true,0,0,8,884,4517343,0,0
16,10,4bfbe852,true,0,0,8,886,4517343,0,0
16,11,7a3ace18,true,0,0,8,953,4508955,0,0
16,12,a78f7831,true,0,0,8,875,4517343,12,0
16,13,dd8714ed,true,0,0,8,903,4492179,9,0
16,14,ef661923,true,0,0,8,875,4521537,9,0
16,15,9620f367,true,0,0,8,883,4521537,7,0
16,16,1d50d3d8,true,0,0,8,883,4517343,10,0
16,17,aee592a9,true,0,0,8,884,4517343,7,0
16,18,0549a107,true,0,0,8,886,4529925,0,0
16,19,51f3371b,true,0,0,8,933,4492179,9,0
16,20,998cf6c6,true,0,0,8,966,4508955,0,0
16,21,e7fa33bd,true,0,0,8,887,4521537,0,0
16,22,a4ed6f94,true,0,0,8,888,4517343,5,0
16,23,41f3156f,true,0,0,8,893,4517343,0,0
16,24,b06b387b,true,0,0,8,887,4517343,7,0
16,25,1045ac36,true,0,0,8,886,4529925,1,0
16,26,4b499421,true,0,0,8,950,4508955,16,0
16,27,572d6569,true,0,0,8,890,4521537,0,0
16,28,b0417f7f,true,0,0,8,975,4492179,9,0
16,29,f1ac3e65,true,0,0,8,951,4504761,15,0
16,30,f5359bb5,true,0,0,8,967,4492179,11,0
16,31,db92bc59,true,0,0,8,899,4517343,0,0
16,32,3e8cc6a2,true,0,0,8,895,4517343,5,0
16,33,26f7a5b3,true,0,0,8,887,4521537,7,0
16,34,ba63c546,true,0,0,8,890,4517343,6,0
16,35,87317aee,true,0,0,8,889,4517343,10,0
16,36,16dbaaeb,true,0,0,8,892,4517343,8,0
16,37,18d85a1d,true,0,0,8,890,4529925,1,0
16,38,5888e555,true,0,0,8,890,4538313,0,0
16,39,e731c97b,true,0,0,8,899,4517343,0,0
16,40,20026c70,true,0,0,8,895,4517343,6,0
16,41,5d259854,true,0,0,8,895,4521537,0,0
16,42,7492bd68,true,0,0,8,891,4529925,0,0
16,43,022fb380,true,0,0,8,899,4517343,5,0
16,44,077609fb,true,0,0,8,906,4517343,0,0
16,45,2a78dfc9,true,0,0,8,898,4517343,6,0
16,46,ae9722b5,true,0,0,8,890,4538313,0,0
16,47,a80f0cc9,true,0,0,8,893,4529925,1,0
17,0,4699bb3a,true,0,0,8,953,4508955,0,0
17,1,619eb059,true,0,0,8,878,4529925,2,0
17,2,76ffef39,true,0,0,8,872,4521537,9,0
17,3,af128e1a,true,0,0,8,873,4517343,12,0
17,4,d658ce67,true,0,0,8,1000,4471209,0,0
17,5,e12461cf,true,0,0,8,888,4492179,9,0
17,6,ff7a3cec,true,0,0,8,876,4517343,7,0
17,7,fb2cbe86,true,0,0,8,884,4517343,0,0
17,8,4bfbe852,true,0,0,8,886,4517343,0,0
17,9,7a3ace18,true,0,0,8,953,4508955,0,0
17,10,a78f7831,true,0,0,8,875,4517343,12,0
17,11,dd8714ed,true,0,0,8,903,4492179,9,0
17,12,ef661923,true,0,0,8,875,4521537,9,0
17,13,8ea12083,true,0,0,8,880,4517343,7,0
17,14,17582ee5,true,0,0,8,878,4517343,11,0
17,15,0549a107,true,0,0,8,886,4529925,0,0
17,16,51f3371b,true,0,0,8,933,4492179,9,0
17,17,998cf6c6,true,0,0,8,966,4508955,0,0
17,18,9ebd054c,true,0,0,8,880,4521537,7,0
17,19,a4ed6f94,true,0,0,8,888,4517343,5,0
17,20,e7fa33bd,true,0,0,8,887,4521537,0,0
17,21,41f3156f,true,0,0,8,893,4517343,0,0
17,22,1e32c47d,true,0,0,8,881,4517343,7,0
17,23,1045ac36,true,0,0,8,886,4529925,1,0
17,24,4b499421,true,0,0,8,950,4508955,16,0
17,25,572d6569,true,0,0,8,890,4521537,0,0
17,26,863cd6a8,true,0,0,8,882,4517343,7,0
17,27,b0417f7f,true,0,0,8,975,4492179,9,0
17,28,f5359bb5,true,0,0,8,967,4492179,11,0
17,29,f1ac3e65,true,0,0,8,951,4504761,15,0
17,30,db92bc59,true,0,0,8,899,4517343,0,0
17,31,3e8cc6a2,true,0,0,8,895,4517343,5,0
17,32,36eb807c,true,0,0,8,888,4517343,6,0
17,33,1d50d3d8,true,0,0,8,883,4517343,10,0
17,34,5888e555,true,0,0,8,890,4538313,0,0
17,35,e731c97b,true,0,0,8,899,4517343,0,0
17,36,18d85a1d,true,0,0,8,890,4529925,1,0
17,37,aee592a9,true,0,0,8,884,4517343,7,0
17,38,7492bd68,true,0,0,8,891,4529925,0,0
17,39,5d259854,true,0,0,8,895,4521537,0,0
17,40,ba63c546,true,0,0,8,890,4517343,6,0
17,41,9620f367,true,0,0,8,883,4521537,7,0
17,42,022fb380,true,0,0,8,899,4517343,5,0
17,43,077609fb,true,0,0,8,906,4517343,0,0
17,44,ae9722b5,true,0,0,8,890,4538313,0,0
17,45,b06b387b,true,0,0,8,887,4517343,7,0
17,46,a80f0cc9,true,0,0,8,893,4529925,1,0
17,47,20026c70,true,0,0,8,895,4517343,6,0
18,0,4699bb3a,true,0,0,8,953,4508955,0,0
18,1,76ffef39,true,0,0,8,872,4521537,9,0
18,2,9011cfdf,true,0,0,8,877,4521537,0,0
18,3,af128e1a,true,0,0,8,873,4517343,12,0
18,4,d658ce67,true,0,0,8,1000,4471209,0,0
18,5,e12461cf,true,0,0,8,888,4492179,9,0
18,6,ff7a3cec,true,0,0,8,876,4517343,7,0
18,7,fb2cbe86,true,0,0,8,884,4517343,0,0
18,8,4bfbe852,true,0,0,8,886,4517343,0,0
18,9,619eb059,true,0,0,8,878,4529925,2,0
18,10,7a3ace18,true,0,0,8,953,4508955,0,0
18,11,a78f7831,true,0,0,8,875,4517343,12,0
18,12,dd8714ed,true,0,0,8,903,4492179,9,0
18,13,8ea12083,true,0,0,8,880,4517343,7,0
18,14,17582ee5,true,0,0,8,878,4517343,11,0
18,15,ef661923,true,0,0,8,875,4521537,9,0
18,16,988c39f4,true,0,0,8,881,4521537,0,0
18,17,285b6f20,true,0,0,8,885,4521537,0,0
18,18,51f3371b,true,0,0,8,933,4492179,9,0
18,19,998cf6c6,true,0,0,8,966,4508955,0,0
18,20,9ebd054c,true,0,0,8,880,4521537,7,0
18,21,a4ed6f94,true,0,0,8,888,4517343,5,0
18,22,1e32c47d,true,0,0,8,881,4517343,7,0
18,23,41f3156f,true,0,0,8,893,4517343,0,0
18,24,0549a107,true,0,0,8,886,4529925,0,0
18,25,4b499421,true,0,0,8,950,4508955,16,0
18,26,863cd6a8,true,0,0,8,882,4517343,7,0
18,27,b0417f7f,true,0,0,8,975,4492179,9,0
18,28,f5359bb5,true,0,0,8,967,4492179,11,0
18,29,f1ac3e65,true,0,0,8,951,4504761,15,0
18,30,db92bc59,true,0,0,8,899,4517343,0,0
18,31,e7fa33bd,true,0,0,8,887,4521537,0,0
18,32,3e8cc6a2,true,0,0,8,895,4517343,5,0
18,33,36eb807c,true,0,0,8,888,4517343,6,0
18,34,1045ac36,true,0,0,8,886,4529925,1,0
18,35,1d50d3d8,true,0,0,8,883,4517343,10,0
18,36,2253921d,true,0,0,8,890,4521537,0,0
18,37,e731c97b,true,0,0,8,899,4517343,0,0
18,38,ba63c546,true,0,0,8,890,4517343,6,0
18,39,9620f367,true,0,0,8,883,4521537,7,0
18,40,aee592a9,true,0,0,8,884,4517343,7,0
18,41,022fb380,true,0,0,8,899,4517343,5,0
18,42,077609fb,true,0,0,8,906,4517343,0,0
18,43,572d6569,true,0,0,8,890,4521537,0,0
18,44,b06b387b,true,0,0,8,887,4517343,7,0
18,45,20026c70,true,0,0,8,895,4517343,6,0
18,46,18d85a1d,true,0,0,8,890,4529925,1,0
18,47,5888e555,true,0,0,8,890,4538313,0,0
19,0,4699bb3a,true,0,0,8,953,4508955,0,0
19,1,76ffef39,true,0,0,8,872,4521537,9,0
19,2,9011cfdf,true,0,0,8,877,4521537,0,0
19,3,af128e1a,true,0,0,8,873,4517343,12,0
19,4,d658ce67,true,0,0,8,1000,4471209,0,0
19,5,e12461cf,true,0,0,8,888,4492179,9,0
19,6,ff7a3cec,true,0,0,8,876,4517343,7,0
19,7,fb2cbe86,true,0,0,8,884,4517343,0,0
19,8,4bfbe852,true,0,0,8,886,4517343,0,0
19,9,619eb059,true,0,0,8,878,4529925,2,0
19,10,7a3ace18,true,0,0,8,953,4508955,0,0
19,11,a78f7831,true,0,0,8,875,4517343,12,0
19,12,dd8714ed,true,0,0,8,903,4492179,9,0
19,13,8ea12083,true,0,0,8,880,4517343,7,0
19,14,17582ee5,true,0,0,8,878,4517343,11,0
19,15,ef661923,true,0,0,8,875,4521537,9,0
19,16,988c39f4,true,0,0,8,881,4521537,0,0
19,17,285b6f20,true,0,0,8,885,4521537,0,0
19,18,51f3371b,true,0,0,8,933,4492179,9,0
19,19,998cf6c6,true,0,0,8,966,4508955,0,0
19,20,9ebd054c,true,0,0,8,880,4521537,7,0
19,21,a4ed6f94,true,0,0,8,888,4517343,5,0
19,22,1e32c47d,true,0,0,8,881,4517343,7,0
19,23,41f3156f,true,0,0,8,893,4517343,0,0
19,24,0549a107,true,0,0,8,886,4529925,0,0
19,25,4b499421,true,0,0,8,950,4508955,16,0
19,26,863cd6a8,true,0,0,8,882,4517343,7,0
19,27,b0417f7f,true,0,0,8,975,4492179,9,0
19,28,f5359bb5,true,0,0,8,967,4492179,11,0
19,29,f1ac3e65,true,0,0,8,951,4504761,15,0
19,30,db92bc59,true,0,0,8,899,4517343,0,0
19,31,e7fa33bd,true,0,0,8,887,4521537,0,0
19,32,3e8cc6a2,true,0,0,8,895,4517343,5,0
19,33,36eb807c,true,0,0,8,888,4517343,6,0
19,34,1045ac36,true,0,0,8,886,4529925,1,0
19,35,1d50d3d8,true,0,0,8,883,4517343,10,0
19,36,2253921d,true,0,0,8,890,4521537,0,0
19,37,e731c97b,true,0,0,8,899,4517343,0,0
19,38,ba63c546,true,0,0,8,890,4517343,6,0
19,39,9620f367,true,0,0,8,883,4521537,7,0
19,40,aee592a9,true,0,0,8,884,4517343,7,0
19,41,022fb380,true,0,0,8,899,4517343,5,0
19,42,077609fb,true,0,0,8,906,4517343,0,0
19,43,572d6569,true,0,0,8,890,4521537,0,0
19,44,b06b387b,true,0,0,8,887,4517343,7,0
19,45,20026c70,true,0,0,8,895,4517343,6,0
19,46,18d85a1d,true,0,0,8,890,4529925,1,0
19,47,5888e555,true,0,0,8,890,4538313,0,0
20,0,76ffef39,true,0,0,8,872,4521537,9,0
20,1,9011cfdf,true,0,0,8,877,4521537,0,0
20,2,af128e1a,true,0,0,8,873,4517343,12,0
20,3,d658ce67,true,0,0,8,1000,4471209,0,0
20,4,db335750,true,0,0,8,949,4500567,0,0
20,5,e12461cf,true,0,0,8,888,4492179,9,0
20,6,ff7a3cec,true,0,0,8,876,4517343,7,0
20,7,fb2cbe86,true,0,0,8,884,4517343,0,0
20,8,4152fe66,true,0,0,8,958,4500567,0,0
20,9,619eb059,true,0,0,8,878,4529925,2,0
20,10,a78f7831,true,0,0,8,875,4517343,12,0
20,11,dd8714ed,true,0,0,8,903,4492179,9,0
20,12,4699bb3a,true,0,0,8,953,4508955,0,0
20,13,8ea12083,true,0,0,8,880,4517343,7,0
20,14,17582ee5,true,0,0,8,878,4517343,11,0
20,15,ef661923,true,0,0,8,875,4521537,9,0
20,16,988c39f4,true,0,0,8,881,4521537,0,0
20,17,4bfbe852,true,0,0,8,886,4517343,0,0
20,18,285b6f20,true,0,0,8,885,4521537,0,0
20,19,51f3371b,true,0,0,8,933,4492179,9,0
20,20,7df18b44,true,0,0,8,958,4500567,0,0
20,21,9ebd054c,true,0,0,8,880,4521537,7,0
20,22,a4ed6f94,true,0,0,8,888,4517343,5,0
20,23,7a3ace18,true,0,0,8,953,4508955,0,0
20,24,41f3156f,true,0,0,8,893,4517343,0,0
20,25,1e32c47d,true,0,0,8,881,4517343,7,0
20,26,0549a107,true,0,0,8,886,4529925,0,0
20,27,4b499421,true,0,0,8,950,4508955,16,0
20,28,863cd6a8,true,0,0,8,882,4517343,7,0
20,29,b0417f7f,true,0,0,8,975,4492179,9,0
20,30,f1ac3e65,true,0,0,8,951,4504761,15,0
20,31,db92bc59,true,0,0,8,899,4517343,0,0
20,32,e7fa33bd,true,0,0,8,887,4521537,0,0
20,33,f5359bb5,true,0,0,8,967,4492179,11,0
20,34,3e8cc6a2,true,0,0,8,895,4517343,5,0
20,35,36eb807c,true,0,0,8,888,4517343,6,0
20,36,cd26dd90,true,0,0,8,970,4500567,0,0
20,37,998cf6c6,true,0,0,8,966,4508955,0,0
20,38,1045ac36,true,0,0,8,886,4529925,1,0
20,39,1d50d3d8,true,0,0,8,883,4517343,10,0
20,40,2253921d,true,0,0,8,890,4521537,0,0
20,41,9e47b39a,true,0,0,8,971,4500567,0,0
20,42,e731c97b,true,0,0,8,899,4517343,0,0
20,43,ba63c546,true,0,0,8,890,4517343,6,0
20,44,9620f367,true,0,0,8,883,4521537,7,0
20,45,aee592a9,true,0,0,8,884,4517343,7,0
20,46,077609fb,true,0,0,8,906,4517343,0,0
20,47,572d6569,true,0,0,8,890,4521537,0,0
21,0,76ffef39,true,0,0,8,872,4521537,9,0
21,1,9011cfdf,true,0,0,8,877,4521537,0,0
21,2,af128e1a,true,0,0,8,873,4517343,12,0
21,3,d658ce67,true,0,0,8,1000,4471209,0,0
21,4,db335750,true,0,0,8,949,4500567,0,0
21,5,e12461cf,true,0,0,8,888,4492179,9,0
21,6,62a00b4c,true,0,0,8,883,4517343,6,0
21,7,fb2cbe86,true,0,0,8,884,4517343,0,0
21,8,1be6e108,true,0,0,8,875,4517343,7,0
21,9,4152fe66,true,0,0,8,958,4500567,0,0
21,10,619eb059,true,0,0,8,878,4529925,2,0
21,11,a78f7831,true,0,0,8,875,4517343,12,0
21,12,dd8714ed,true,0,0,8,903,4492179,9,0
21,13,4699bb3a,true,0,0,8,953,4508955,0,0
21,14,ff7a3cec,true,0,0,8,876,4517343,7,0
21,15,4bfbe852,true,0,0,8,886,4517343,0,0
21,16,ef661923,true,0,0,8,875,4521537,9,0
21,17,988c39f4,true,0,0,8,881,4521537,0,0
21,18,285b6f20,true,0,0,8,885,4521537,0,0
21,19,51f3371b,true,0,0,8,933,4492179,9,0
21,20,6a3dfd67,true,0,0,8,878,4517343,7,0
21,21,7df18b44,true,0,0,8,958,4500567,0,0
21,22,a4ed6f94,true,0,0,8,888,4517343,5,0
21,23,7a3ace18,true,0,0,8,953,4508955,0,0
21,24,41f3156f,true,0,0,8,893,4517343,0,0
21,25,0549a107,true,0,0,8,886,4529925,0,0
21,26,17582ee5,true,0,0,8,878,4517343,11,0
21,27,4b499421,true,0,0,8,950,4508955,16,0
21,28,b0417f7f,true,0,0,8,975,4492179,9,0
21,29,f1ac3e65,true,0,0,8,951,4504761,15,0
21,30,db92bc59,true,0,0,8,899,4517343,0,0
21,31,e7fa33bd,true,0,0,8,887,4521537,0,0
21,32,f5359bb5,true,0,0,8,967,4492179,11,0
21,33,3e8cc6a2,true,0,0,8,895,4517343,5,0
21,34,cd26dd90,true,0,0,8,970,4500567,0,0
21,35,998cf6c6,true,0,0,8,966,4508955,0,0
21,36,8ea12083,true,0,0,8,880,4517343,7,0
21,37,36eb807c,true,0,0,8,888,4517343,6,0
21,38,1045ac36,true,0,0,8,886,4529925,1,0
21,39,2253921d,true,0,0,8,890,4521537,0,0
21,40,9e47b39a,true,0,0,8,971,4500567,0,0
21,41,9ebd054c,true,0,0,8,880,4521537,7,0
21,42,e731c97b,true,0,0,8,899,4517343,0,0
21,43,ba63c546,true,0,0,8,890,4517343,6,0
21,44,1e32c47d,true,0,0,8,881,4517343,7,0
21,45,077609fb,true,0,0,8,906,4517343,0,0
21,46,572d6569,true,0,0,8,890,4521537,0,0
21,47,863cd6a8,true,0,0,8,882,4517343,7,0
22,0,03479c9c,true,0,0,8,876,4513149,0,0
22,1,76ffef39,true,0,0,8,872,4521537,9,0
22,2,af128e1a,true,0,0,8,873,4517343,12,0
22,3,d658ce67,true,0,0,8,1000,4471209,0,0
22,4,db335750,true,0,0,8,949,4500567,0,0
22,5,e12461cf,true,0,0,8,888,4492179,9,0
22,6,1be6e108,true,0,0,8,875,4517343,7,0
22,7,4152fe66,true,0,0,8,958,4500567,0,0
22,8,a78f7831,true,0,0,8,875,4517343,12,0
22,9,dd8714ed,true,0,0,8,903,4492179,9,0
22,10,ef661923,true,0,0,8,875,4521537,9,0
22,11,4699bb3a,true,0,0,8,953,4508955,0,0
22,12,ff7a3cec,true,0,0,8,876,4517343,7,0
22,13,9011cfdf,true,0,0,8,877,4521537,0,0
22,14,729c80f3,true,0,0,8,882,4513149,0,0
22,15,51f3371b,true,0,0,8,933,4492179,9,0
22,16,619eb059,true,0,0,8,878,4529925,2,0
22,17,7a0176d8,true,0,0,8,886,4513149,0,0
22,18,7df18b44,true,0,0,8,958,4500567,0,0
22,19,62a00b4c,true,0,0,8,883,4517343,6,0
22,20,7a3ace18,true,0,0,8,953,4508955,0,0
22,21,988c39f4,true,0,0,8,881,4521537,0,0
22,22,6a3dfd67,true,0,0,8,878,4517343,7,0
22,23,fb2cbe86,true,0,0,8,884,4517343,0,0
22,24,17582ee5,true,0,0,8,878,4517343,11,0
22,25,285b6f20,true,0,0,8,885,4521537,0,0
22,26,4b499421,true,0,0,8,950,4508955,16,0
22,27,b0417f7f,true,0,0,8,975,4492179,9,0
22,28,cd26dd90,true,0,0,8,970,4500567,0,0
22,29,cad6200c,true,0,0,8,890,4513149,0,0
22,30,8ea12083,true,0,0,8,880,4517343,7,0
22,31,f1ac3e65,true,0,0,8,951,4504761,15,0
22,32,f5359bb5,true,0,0,8,967,4492179,11,0
22,33,998cf6c6,true,0,0,8,966,4508955,0,0
22,34,4bfbe852,true,0,0,8,886,4517343,0,0
22,35,0549a107,true,0,0,8,886,4529925,0,0
22,36,9e47b39a,true,0,0,8,971,4500567,0,0
22,37,9ebd054c,true,0,0,8,880,4521537,7,0
22,38,c0dedd31,true,0,0,8,893,4513149,0,0
22,39,a4ed6f94,true,0,0,8,888,4517343,5,0
22,40,e7fa33bd,true,0,0,8,887,4521537,0,0
22,41,1e32c47d,true,0,0,8,881,4517343,7,0
22,42,1045ac36,true,0,0,8,886,4529925,1,0
22,43,2253921d,true,0,0,8,890,4521537,0,0
22,44,5abf7407,true,0,0,8,902,4513149,0,0
22,45,863cd6a8,true,0,0,8,882,4517343,7,0
22,46,36eb807c,true,0,0,8,888,4517343,6,0
22,47,41f3156f,true,0,0,8,893,4517343,0,0
23,0,03479c9c,true,0,0,8,876,4513149,0,0
23,1,76ffef39,true,0,0,8,872,4521537,9,0
23,2,d658ce67,true,0,0,8,1000,4471209,0,0
23,3,e12461cf,true,0,0,8,888,4492179,9,0
23,4,db335750,true,0,0,8,949,4500567,0,0
23,5,83e8f3dd,true,0,0,8,873,4517343,6,0
23,6,4152fe66,true,0,0,8,958,4500567,0,0
23,7,9011cfdf,true,0,0,8,877,4521537,0,0
23,8,af128e1a,true,0,0,8,873,4517343,12,0
23,9,dd8714ed,true,0,0,8,903,4492179,9,0
23,10,4699bb3a,true,0,0,8,953,4508955,0,0
23,11,faae1999,true,0,0,8,880,4517343,5,0
23,12,729c80f3,true,0,0,8,882,4513149,0,0
23,13,1be6e108,true,0,0,8,875,4517343,7,0
23,14,51f3371b,true,0,0,8,933,4492179,9,0
23,15,619eb059,true,0,0,8,878,4529925,2,0
23,16,7a0176d8,true,0,0,8,886,4513149,0,0
23,17,7df18b44,true,0,0,8,958,4500567,0,0
23,18,a78f7831,true,0,0,8,875,4517343,12,0
23,19,7a3ace18,true,0,0,8,953,4508955,0,0
23,20,62a00b4c,true,0,0,8,883,4517343,6,0
23,21,ef661923,true,0,0,8,875,4521537,9,0
23,22,ff7a3cec,true,0,0,8,876,4517343,7,0
23,23,fb2cbe86,true,0,0,8,884,4517343,0,0
23,24,988c39f4,true,0,0,8,881,4521537,0,0
23,25,285b6f20,true,0,0,8,885,4521537,0,0
23,26,4b499421,true,0,0,8,950,4508955,16,0
23,27,6a3dfd67,true,0,0,8,878,4517343,7,0
23,28,b0417f7f,true,0,0,8,975,4492179,9,0
23,29,cd26dd90,true,0,0,8,970,4500567,0,0
23,30,cad6200c,true,0,0,8,890,4513149,0,0
23,31,f1ac3e65,true,0,0,8,951,4504761,15,0
23,32,f5359bb5,true,0,0,8,967,4492179,11,0
23,33,998cf6c6,true,0,0,8,966,4508955,0,0
23,34,4bfbe852,true,0,0,8,886,4517343,0,0
23,35,0549a107,true,0,0,8,886,4529925,0,0
23,36,17582ee5,true,0,0,8,878,4517343,11,0
23,37,9e47b39a,true,0,0,8,971,4500567,0,0
23,38,c0dedd31,true,0,0,8,893,4513149,0,0
23,39,e7fa33bd,true,0,0,8,887,4521537,0,0
23,40,a4ed6f94,true,0,0,8,888,4517343,5,0
23,41,8ea12083,true,0,0,8,880,4517343,7,0
23,42,1045ac36,true,0,0,8,886,4529925,1,0
23,43,2253921d,true,0,0,8,890,4521537,0,0
23,44,5abf7407,true,0,0,8,902,4513149,0,0
23,45,f233efb2,true,0,0,8,880,4517343,7,0
23,46,36eb807c,true,0,0,8,888,4517343,6,0
23,47,41f3156f,true,0,0,8,893,4517343,0,0
24,0,03479c9c,true,0,0,8,876,4513149,0,0
24,1,76ffef39,true,0,0,8,872,4521537,9,0
24,2,d658ce67,true,0,0,8,1000,4471209,0,0
24,3,e12461cf,true,0,0,8,888,4492179,9,0
24,4,db335750,true,0,0,8,949,4500567,0,0
24,5,83e8f3dd,true,0,0,8,873,4517343,6,0
24,6,4152fe66,true,0,0,8,958,4500567,0,0
24,7,9011cfdf,true,0,0,8,877,4521537,0,0
24,8,af128e1a,true,0,0,8,873,4517343,12,0
24,9,dd8714ed,true,0,0,8,903,4492179,9,0
24,10,d6c669e3,true,0,0,8,880,4513149,0,0
24,11,4699bb3a,true,0,0,8,953,4508955,0,0
24,12,1be6e108,true,0,0,8,875,4517343,7,0
24,13,51f3371b,true,0,0,8,933,4492179,9,0
24,14,619eb059,true,0,0,8,878,4529925,2,0
24,15,729c80f3,true,0,0,8,882,4513149,0,0
24,16,7df18b44,true,0,0,8,958,4500567,0,0
24,17,a78f7831,true,0,0,8,875,4517343,12,0
24,18,7a3ace18,true,0,0,8,953,4508955,0,0
24,19,ef661923,true,0,0,8,875,4521537,9,0
24,20,ff7a3cec,true,0,0,8,876,4517343,7,0
24,21,faae1999,true,0,0,8,880,4517343,5,0
24,22,988c39f4,true,0,0,8,881,4521537,0,0
24,23,4b499421,true,0,0,8,950,4508955,16,0
24,24,6a3dfd67,true,0,0,8,878,4517343,7,0
24,25,998cf6c6,true,0,0,8,966,4508955,0,0
24,26,b0417f7f,true,0,0,8,975,4492179,9,0
24,27,de5b9fc8,true,0,0,8,882,4513149,0,0
24,28,f1ac3e65,true,0,0,8,951,4504761,15,0
24,29,f5359bb5,true,0,0,8,967,4492179,11,0
24,30,cd26dd90,true,0,0,8,970,4500567,0,0
24,31,17582ee5,true,0,0,8,878,4517343,11,0
24,32,6e8cc91c,true,0,0,8,885,4513149,0,0
24,33,9e47b39a,true,0,0,8,971,4500567,0,0
24,34,fb2cbe86,true,0,0,8,884,4517343,0,0
24,35,62a00b4c,true,0,0,8,883,4517343,6,0
24,36,8ea12083,true,0,0,8,880,4517343,7,0
24,37,285b6f20,true,0,0,8,885,4521537,0,0
24,38,7a0176d8,true,0,0,8,886,4513149,0,0
24,39,f233efb2,true,0,0,8,880,4517343,7,0
24,40,4bfbe852,true,0,0,8,886,4517343,0,0
24,41,cad6200c,true,0,0,8,890,4513149,0,0
24,42,0549a107,true,0,0,8,886,4529925,0,0
24,43,64843421,true,0,0,8,892,4513149,0,0
24,44,a4ed6f94,true,0,0,8,888,4517343,5,0
24,45,e7fa33bd,true,0,0,8,887,4521537,0,0
24,46,1045ac36,true,0,0,8,886,4529925,1,0
24,47,2253921d,true,0,0,8,890,4521537,0,0
25,0,03479c9c,true,0,0,8,876,4513149,0,0
25,1,76ffef39,true,0,0,8,872,4521537,9,0
25,2,d658ce67,true,0,0,8,1000,4471209,0,0
25,3,e12461cf,true,0,0,8,888,4492179,9,0
25,4,e986124f,true,0,0,8,945,4508955,0,0
25,5,83e8f3dd,true,0,0,8,873,4517343,6,0
25,6,db335750,true,0,0,8,949,4500567,0,0
25,7,4152fe66,true,0,0,8,958,4500567,0,0
25,8,9011cfdf,true,0,0,8,877,4521537,0,0
25,9,af128e1a,true,0,0,8,873,4517343,12,0
25,10,dd8714ed,true,0,0,8,903,4492179,9,0
25,11,e38eef72,true,0,0,8,948,4508955,0,0
25,12,1be6e108,true,0,0,8,875,4517343,7,0
25,13,d6c669e3,true,0,0,8,880,4513149,0,0
25,14,4699bb3a,true,0,0,8,953,4508955,0,0
25,15,51f3371b,true,0,0,8,933,4492179,9,0
25,16,619eb059,true,0,0,8,878,4529925,2,0
25,17,7df18b44,true,0,0,8,958,4500567,0,0
25,18,a78f7831,true,0,0,8,875,4517343,12,0
25,19,729c80f3,true,0,0,8,882,4513149,0,0
25,20,ef661923,true,0,0,8,875,4521537,9,0
25,21,ff7a3cec,true,0,0,8,876,4517343,7,0
25,22,faae1999,true,0,0,8,880,4517343,5,0
25,23,988c39f4,true,0,0,8,881,4521537,0,0
25,24,4b499421,true,0,0,8,950,4508955,16,0
25,25,6a3dfd67,true,0,0,8,878,4517343,7,0
25,26,7a3ace18,true,0,0,8,953,4508955,0,0
25,27,b0417f7f,true,0,0,8,975,4492179,9,0
25,28,de5b9fc8,true,0,0,8,882,4513149,0,0
25,29,f5359bb5,true,0,0,8,967,4492179,11,0
25,30,f1ac3e65,true,0,0,8,951,4504761,15,0
25,31,cd26dd90,true,0,0,8,970,4500567,0,0
25,32,17582ee5,true,0,0,8,878,4517343,11,0
25,33,454c3366,true,0,0,8,959,4508955,0,0
25,34,9e47b39a,true,0,0,8,971,4500567,0,0
25,35,fb2cbe86,true,0,0,8,884,4517343,0,0
25,36,6e8cc91c,true,0,0,8,885,4513149,0,0
25,37,62a00b4c,true,0,0,8,883,4517343,6,0
25,38,8ea12083,true,0,0,8,880,4517343,7,0
25,39,285b6f20,true,0,0,8,885,4521537,0,0
25,40,79ef4644,true,0,0,8,959,4508955,0,0
25,41,f233efb2,true,0,0,8,880,4517343,7,0
25,42,7a0176d8,true,0,0,8,886,4513149,0,0
25,43,4bfbe852,true,0,0,8,886,4517343,0,0
25,44,998cf6c6,true,0,0,8,966,4508955,0,0
25,45,cad6200c,true,0,0,8,890,4513149,0,0
25,46,0549a107,true,0,0,8,886,4529925,0,0
25,47,64843421,true,0,0,8,892,4513149,0,0
26,0,03479c9c,true,0,0,8,876,4513149,0,0
26,1,613f043c,true,0,0,8,871,4517343,4,0
26,2,d658ce67,true,0,0,8,1000,4471209,0,0
26,3,e12461cf,true,0,0,8,888,4492179,9,0
26,4,e986124f,true,0,0,8,945,4508955,0,0
26,5,db335750,true,0,0,8,949,4500567,0,0
26,6,4152fe66,true,0,0,8,958,4500567,0,0
26,7,76ffef39,true,0,0,8,872,4521537,9,0
26,8,9011cfdf,true,0,0,8,877,4521537,0,0
26,9,dd8714ed,true,0,0,8,903,4492179,9,0
26,10,e38eef72,true,0,0,8,948,4508955,0,0
26,11,10e41853,true,0,0,8,874,4517343,4,0
26,12,83e8f3dd,true,0,0,8,873,4517343,6,0
26,13,d6c669e3,true,0,0,8,880,4513149,0,0
26,14,4699bb3a,true,0,0,8,953,4508955,0,0
26,15,51f3371b,true,0,0,8,933,4492179,9,0
26,16,619eb059,true,0,0,8,878,4529925,2,0
26,17,7df18b44,true,0,0,8,958,4500567,0,0
26,18,af128e1a,true,0,0,8,873,4517343,12,0
26,19,729c80f3,true,0,0,8,882,4513149,0,0
26,20,1879ee78,true,0,0,8,878,4517343,4,0
26,21,988c39f4,true,0,0,8,881,4521537,0,0
26,22,1be6e108,true,0,0,8,875,4517343,7,0
26,23,4b499421,true,0,0,8,950,4508955,16,0
26,24,7a3ace18,true,0,0,8,953,4508955,0,0
26,25,a78f7831,true,0,0,8,875,4517343,12,0
26,26,b0417f7f,true,0,0,8,975,4492179,9,0
26,27,ef661923,true,0,0,8,875,4521537,9,0
26,28,de5b9fc8,true,0,0,8,882,4513149,0,0
26,29,f5359bb5,true,0,0,8,967,4492179,11,0
26,30,f1ac3e65,true,0,0,8,951,4504761,15,0
26,31,cd26dd90,true,0,0,8,970,4500567,0,0
26,32,faae1999,true,0,0,8,880,4517343,5,0
26,33,ff7a3cec,true,0,0,8,876,4517343,7,0
26,34,454c3366,true,0,0,8,959,4508955,0,0
26,35,6a3dfd67,true,0,0,8,878,4517343,7,0
26,36,9e47b39a,true,0,0,8,971,4500567,0,0
26,37,fb2cbe86,true,0,0,8,884,4517343,0,0
26,38,6e8cc91c,true,0,0,8,885,4513149,0,0
26,39,a8aeb8ac,true,0,0,8,882,4517343,4,0
26,40,17582ee5,true,0,0,8,878,4517343,11,0
26,41,285b6f20,true,0,0,8,885,4521537,0,0
26,42,79ef4644,true,0,0,8,959,4508955,0,0
26,43,7a0176d8,true,0,0,8,886,4513149,0,0
26,44,8ea12083,true,0,0,8,880,4517343,7,0
26,45,62a00b4c,true,0,0,8,883,4517343,6,0
26,46,4bfbe852,true,0,0,8,886,4517343,0,0
26,47,998cf6c6,true,0,0,8,966,4508955,0,0
27,0,9ade6a86,true,0,0,8,871,4513149,0,0
27,1,d658ce67,true,0,0,8,1000,4471209,0,0
27,2,e12461cf,true,0,0,8,888,4492179,9,0
27,3,e986124f,true,0,0,8,945,4508955,0,0
27,4,db335750,true,0,0,8,949,4500567,0,0
27,5,03479c9c,true,0,0,8,876,4513149,0,0
27,6,4152fe66,true,0,0,8,958,4500567,0,0
27,7,613f043c,true,0,0,8,871,4517343,4,0
27,8,dd8714ed,true,0,0,8,903,4492179,9,0
27,9,e38eef72,true,0,0,8,948,4508955,0,0
27,10,4699bb3a,true,0,0,8,953,4508955,0,0
27,11,51f3371b,true,0,0,8,933,4492179,9,0
27,12,76ffef39,true,0,0,8,872,4521537,9,0
27,13,7df18b44,true,0,0,8,958,4500567,0,0
27,14,9011cfdf,true,0,0,8,877,4521537,0,0
27,15,d6c669e3,true,0,0,8,880,4513149,0,0
27,16,10e41853,true,0,0,8,874,4517343,4,0
27,17,83e8f3dd,true,0,0,8,873,4517343,6,0
27,18,4b499421,true,0,0,8,950,4508955,16,0
27,19,619eb059,true,0,0,8,878,4529925,2,0
27,20,729c80f3,true,0,0,8,882,4513149,0,0
27,21,af128e1a,true,0,0,8,873,4517343,12,0
27,22,b0417f7f,true,0,0,8,975,4492179,9,0
27,23,f5359bb5,true,0,0,8,967,4492179,11,0
27,24,cd26dd90,true,0,0,8,970,4500567,0,0
27,25,f1ac3e65,true,0,0,8,951,4504761,15,0
27,26,1879ee78,true,0,0,8,878,4517343,4,0
27,27,988c39f4,true,0,0,8,881,4521537,0,0
27,28,1be6e108,true,0,0,8,875,4517343,7,0
27,29,7a3ace18,true,0,0,8,953,4508955,0,0
27,30,454c3366,true,0,0,8,959,4508955,0,0
27,31,9e47b39a,true,0,0,8,971,4500567,0,0
27,32,a78f7831,true,0,0,8,875,4517343,12,0
27,33,ef661923,true,0,0,8,875,4521537,9,0
27,34,de5b9fc8,true,0,0,8,882,4513149,0,0
27,35,faae1999,true,0,0,8,880,4517343,5,0
27,36,ff7a3cec,true,0,0,8,876,4517343,7,0
27,37,6a3dfd67,true,0,0,8,878,4517343,7,0
27,38,6e8cc91c,true,0,0,8,885,4513149,0,0
27,39,79ef4644,true,0,0,8,959,4508955,0,0
27,40,fb2cbe86,true,0,0,8,884,4517343,0,0
27,41,a8aeb8ac,true,0,0,8,882,4517343,4,0
27,42,17582ee5,true,0,0,8,878,4517343,11,0
27,43,285b6f20,true,0,0,8,885,4521537,0,0
27,44,998cf6c6,true,0,0,8,966,4508955,0,0
27,45,7a0176d8,true,0,0,8,886,4513149,0,0
27,46,8ea12083,true,0,0,8,880,4517343,7,0
27,47,62a00b4c,true,0,0,8,883,4517343,6,0
28,0,9ade6a86,true,0,0,8,871,4513149,0,0
28,1,d658ce67,true,0,0,8,1000,4471209,0,0
28,2,e12461cf,true,0,0,8,888,4492179,9,0
28,3,e986124f,true,0,0,8,945,4508955,0,0
28,4,db335750,true,0,0,8,949,4500567,0,0
28,5,03479c9c,true,0,0,8,876,4513149,0,0
28,6,4152fe66,true,0,0,8,958,4500567,0,0
28,7,613f043c,true,0,0,8,871,4517343,4,0
28,8,dd8714ed,true,0,0,8,903,4492179,9,0
28,9,e38eef72,true,0,0,8,948,4508955,0,0
28,10,4699bb3a,true,0,0,8,953,4508955,0,0
28,11,51f3371b,true,0,0,8,933,4492179,9,0
28,12,76ffef39,true,0,0,8,872,4521537,9,0
28,13,7df18b44,true,0,0,8,958,4500567,0,0
28,14,9011cfdf,true,0,0,8,877,4521537,0,0
28,15,d6c669e3,true,0,0,8,880,4513149,0,0
28,16,10e41853,true,0,0,8,874,4517343,4,0
28,17,83e8f3dd,true,0,0,8,873,4517343,6,0
28,18,4b499421,true,0,0,8,950,4508955,16,0
28,19,619eb059,true,0,0,8,878,4529925,2,0
28,20,729c80f3,true,0,0,8,882,4513149,0,0
28,21,b0417f7f,true,0,0,8,975,4492179,9,0
28,22,e99e4c5e,true,0,0,8,873,4517343,9,0
28,23,f5359bb5,true,0,0,8,967,4492179,11,0
28,24,f1ac3e65,true,0,0,8,951,4504761,15,0
28,25,cd26dd90,true,0,0,8,970,4500567,0,0
28,26,1879ee78,true,0,0,8,878,4517343,4,0
28,27,988c39f4,true,0,0,8,881,4521537,0,0
28,28,1be6e108,true,0,0,8,875,4517343,7,0
28,29,7a3ace18,true,0,0,8,953,4508955,0,0
28,30,454c3366,true,0,0,8,959,4508955,0,0
28,31,9e47b39a,true,0,0,8,971,4500567,0,0
28,32,af128e1a,true,0,0,8,873,4517343,12,0
28,33,ef661923,true,0,0,8,875,4521537,9,0
28,34,de5b9fc8,true,0,0,8,882,4513149,0,0
28,35,faae1999,true,0,0,8,880,4517343,5,0
28,36,ff7a3cec,true,0,0,8,876,4517343,7,0
28,37,6e8cc91c,true,0,0,8,885,4513149,0,0
28,38,79ef4644,true,0,0,8,959,4508955,0,0
28,39,a78f7831,true,0,0,8,875,4517343,12,0
28,40,fb2cbe86,true,0,0,8,884,4517343,0,0
28,41,6a3dfd67,true,0,0,8,878,4517343,7,0
28,42,a8aeb8ac,true,0,0,8,882,4517343,4,0
28,43,17582ee5,true,0,0,8,878,4517343,11,0
28,44,285b6f20,true,0,0,8,885,4521537,0,0
28,45,998cf6c6,true,0,0,8,966,4508955,0,0
28,46,7a0176d8,true,0,0,8,886,4513149,0,0
28,47,8ea12083,true,0,0,8,880,4517343,7,0
29,0,5bc1d156,true,0,0,8,930,4508955,0,0
29,1,9ade6a86,true,0,0,8,871,4513149,0,0
29,2,d658ce67,true,0,0,8,1000,4471209,0,0
29,3,e12461cf,true,0,0,8,888,4492179,9,0
29,4,db335750,true,0,0,8,949,4500567,0,0
29,5,03479c9c,true,0,0,8,876,4513149,0,0
29,6,4152fe66,true,0,0,8,958,4500567,0,0
29,7,613f043c,true,0,0,8,871,4517343,4,0
29,8,dd8714ed,true,0,0,8,903,4492179,9,0
29,9,535c277d,true,0,0,8,933,4508955,0,0
29,10,51f3371b,true,0,0,8,933,4492179,9,0
29,11,76ffef39,true,0,0,8,872,4521537,9,0
29,12,7df18b44,true,0,0,8,958,4500567,0,0
29,13,9011cfdf,true,0,0,8,877,4521537,0,0
29,14,e38b71a9,true,0,0,8,938,4508955,0,0
29,15,d6c669e3,true,0,0,8,880,4513149,0,0
29,16,10e41853,true,0,0,8,874,4517343,4,0
29,17,83e8f3dd,true,0,0,8,873,4517343,6,0
29,18,619eb059,true,0,0,8,878,4529925,2,0
29,19,729c80f3,true,0,0,8,882,4513149,0,0
29,20,b0417f7f,true,0,0,8,975,4492179,9,0
29,21,e99e4c5e,true,0,0,8,873,4517343,9,0
29,22,f1ac3e65,true,0,0,8,951,4504761,15,0
29,23,e9838c94,true,0,0,8,943,4508955,0,0
29,24,f5359bb5,true,0,0,8,967,4492179,11,0
29,25,1879ee78,true,0,0,8,878,4517343,4,0
29,26,cd26dd90,true,0,0,8,970,4500567,0,0
29,27,1be6e108,true,0,0,8,875,4517343,7,0
29,28,988c39f4,true,0,0,8,881,4521537,0,0
29,29,9e47b39a,true,0,0,8,971,4500567,0,0
29,30,af128e1a,true,0,0,8,873,4517343,12,0
29,31,ef661923,true,0,0,8,875,4521537,9,0
29,32,e986124f,true,0,0,8,945,4508955,0,0
29,33,de5b9fc8,true,0,0,8,882,4513149,0,0
29,34,faae1999,true,0,0,8,880,4517343,5,0
29,35,ff7a3cec,true,0,0,8,876,4517343,7,0
29,36,6e8cc91c,true,0,0,8,885,4513149,0,0
29,37,a78f7831,true,0,0,8,875,4517343,12,0
29,38,e38eef72,true,0,0,8,948,4508955,0,0
29,39,fb2cbe86,true,0,0,8,884,4517343,0,0
29,40,6a3dfd67,true,0,0,8,878,4517343,7,0
29,41,a8aeb8ac,true,0,0,8,882,4517343,4,0
29,42,17582ee5,true,0,0,8,878,4517343,11,0
29,43,285b6f20,true,0,0,8,885,4521537,0,0
29,44,4b499421,true,0,0,8,950,4508955,16,0
29,45,73e225a2,true,0,0,8,951,4508955,0,0
29,46,7a0176d8,true,0,0,8,886,4513149,0,0
29,47,8ea12083,true,0,0,8,880,4517343,7,0
30,0,5bc1d156,true,0,0,8,930,4508955,0,0
30,1,9ade6a86,true,0,0,8,871,4513149,0,0
30,2,d658ce67,true,0,0,8,1000,4471209,0,0
30,3,e12461cf,true,0,0,8,888,4492179,9,0
30,4,db335750,true,0,0,8,949,4500567,0,0
30,5,03479c9c,true,0,0,8,876,4513149,0,0
30,6,4152fe66,true,0,0,8,958,4500567,0,0
30,7,613f043c,true,0,0,8,871,4517343,4,0
30,8,b697991e,true,0,0,8,873,4525731,0,0
30,9,dd8714ed,true,0,0,8,903,4492179,9,0
30,10,535c277d,true,0,0,8,933,4508955,0,0
30,11,51f3371b,true,0,0,8,933,4492179,9,0
30,12,76ffef39,true,0,0,8,872,4521537,9,0
30,13,7df18b44,true,0,0,8,958,4500567,0,0
30,14,f0ad88e5,true,0,0,8,876,4525731,0,0
30,15,d6c669e3,true,0,0,8,880,4513149,0,0
30,16,10e41853,true,0,0,8,874,4517343,4,0
30,17,83e8f3dd,true,0,0,8,873,4517343,6,0
30,18,e38b71a9,true,0,0,8,938,4508955,0,0
30,19,9011cfdf,true,0,0,8,877,4521537,0,0
30,20,619eb059,true,0,0,8,878,4529925,2,0
30,21,729c80f3,true,0,0,8,882,4513149,0,0
30,22,b0417f7f,true,0,0,8,975,4492179,9,0
30,23,e99e4c5e,true,0,0,8,873,4517343,9,0
30,24,f1ac3e65,true,0,0,8,951,4504761,15,0
30,25,e9838c94,true,0,0,8,943,4508955,0,0
30,26,f5359bb5,true,0,0,8,967,4492179,11,0
30,27,1879ee78,true,0,0,8,878,4517343,4,0
30,28,cd26dd90,true,0,0,8,970,4500567,0,0
30,29,1be6e108,true,0,0,8,875,4517343,7,0
30,30,988c39f4,true,0,0,8,881,4521537,0,0
30,31,9e47b39a,true,0,0,8,971,4500567,0,0
30,32,af128e1a,true,0,0,8,873,4517343,12,0
30,33,ef661923,true,0,0,8,875,4521537,9,0
30,34,e986124f,true,0,0,8,945,4508955,0,0
30,35,de5b9fc8,true,0,0,8,882,4513149,0,0
30,36,faae1999,true,0,0,8,880,4517343,5,0
30,37,ff7a3cec,true,0,0,8,876,4517343,7,0
30,38,69347eff,true,0,0,8,882,4525731,0,0
30,39,a78f7831,true,0,0,8,875,4517343,12,0
30,40,e38eef72,true,0,0,8,948,4508955,0,0
30,41,6e8cc91c,true,0,0,8,885,4513149,0,0
30,42,6a3dfd67,true,0,0,8,878,4517343,7,0
30,43,fb2cbe86,true,0,0,8,884,4517343,0,0
30,44,a8aeb8ac,true,0,0,8,882,4517343,4,0
30,45,17582ee5,true,0,0,8,878,4517343,11,0
30,46,285b6f20,true,0,0,8,885,4521537,0,0
30,47,4b499421,true,0,0,8,950,4508955,16,0
31,0,5bc1d156,true,0,0,8,930,4508955,0,0
31,1,7815b8d1,true,0,0,8,868,4521537,1,0
31,2,d658ce67,true,0,0,8,1000,4471209,0,0
31,3,e12461cf,true,0,0,8,888,4492179,9,0
31,4,db335750,true,0,0,8,949,4500567,0,0
31,5,9ade6a86,true,0,0,8,871,4513149,0,0
31,6,03479c9c,true,0,0,8,876,4513149,0,0
31,7,4152fe66,true,0,0,8,958,4500567,0,0
31,8,613f043c,true,0,0,8,871,4517343,4,0
31,9,dd8714ed,true,0,0,8,903,4492179,9,0
31,10,e18c4ecb,true,0,0,8,872,4521537,0,0
31,11,535c277d,true,0,0,8,933,4508955,0,0
31,12,51f3371b,true,0,0,8,933,4492179,9,0
31,13,76ffef39,true,0,0,8,872,4521537,9,0
31,14,7df18b44,true,0,0,8,958,4500567,0,0
31,15,b697991e,true,0,0,8,873,4525731,0,0
31,16,e38b71a9,true,0,0,8,938,4508955,0,0
31,17,d6c669e3,true,0,0,8,880,4513149,0,0
31,18,10e41853,true,0,0,8,874,4517343,4,0
31,19,83e8f3dd,true,0,0,8,873,4517343,6,0
31,20,9011cfdf,true,0,0,8,877,4521537,0,0
31,21,729c80f3,true,0,0,8,882,4513149,0,0
31,22,b0417f7f,true,0,0,8,975,4492179,9,0
31,23,e99e4c5e,true,0,0,8,873,4517343,9,0
31,24,f0ad88e5,true,0,0,8,876,4525731,0,0
31,25,f1ac3e65,true,0,0,8,951,4504761,15,0
31,26,e9838c94,true,0,0,8,943,4508955,0,0
31,27,f5359bb5,true,0,0,8,967,4492179,11,0
31,28,1879ee78,true,0,0,8,878,4517343,4,0
31,29,cd26dd90,true,0,0,8,970,4500567,0,0
31,30,1be6e108,true,0,0,8,875,4517343,7,0
31,31,905752a4,true,0,0,8,877,4521537,0,0
31,32,619eb059,true,0,0,8,878,4529925,2,0
31,33,988c39f4,true,0,0,8,881,4521537,0,0
31,34,9e47b39a,true,0,0,8,971,4500567,0,0
31,35,af128e1a,true,0,0,8,873,4517343,12,0
31,36,e986124f,true,0,0,8,945,4508955,0,0
31,37,de5b9fc8,true,0,0,8,882,4513149,0,0
31,38,ef661923,true,0,0,8,875,4521537,9,0
31,39,ff7a3cec,true,0,0,8,876,4517343,7,0
31,40,faae1999,true,0,0,8,880,4517343,5,0
31,41,6e8cc91c,true,0,0,8,885,4513149,0,0
31,42,98caa48f,true,0,0,8,881,4521537,0,0
31,43,a78f7831,true,0,0,8,875,4517343,12,0
31,44,e38eef72,true,0,0,8,948,4508955,0,0
31,45,6a3dfd67,true,0,0,8,878,4517343,7,0
31,46,fb2cbe86,true,0,0,8,884,4517343,0,0
31,47,a8aeb8ac,true,0,0,8,882,4517343,4,0
32,0,5bc1d156,true,0,0,8,930,4508955,0,0
32,1,7815b8d1,true,0,0,8,868,4521537,1,0
32,2,d658ce67,true,0,0,8,1000,4471209,0,0
32,3,e12461cf,true,0,0,8,888,4492179,9,0
32,4,a54f5e2b,true,0,0,8,929,4500567,4,0
32,5,db335750,true,0,0,8,949,4500567,0,0
32,6,9ade6a86,true,0,0,8,871,4513149,0,0
32,7,03479c9c,true,0,0,8,876,4513149,0,0
32,8,4152fe66,true,0,0,8,958,4500567,0,0
32,9,613f043c,true,0,0,8,871,4517343,4,0
32,10,dd8714ed,true,0,0,8,903,4492179,9,0
32,11,e18c4ecb,true,0,0,8,872,4521537,0,0
32,12,ea3347dc,true,0,0,8,953,4500567,3,0
32,13,af47a316,true,0,0,8,931,4500567,4,0
32,14,535c277d,true,0,0,8,933,4508955,0,0
32,15,51f3371b,true,0,0,8,933,4492179,9,0
32,16,76ffef39,true,0,0,8,872,4521537,9,0
32,17,7df18b44,true,0,0,8,958,4500567,0,0
32,18,b697991e,true,0,0,8,873,4525731,0,0
32,19,09857f02,true,0,0,8,942,4500567,4,0
32,20,e38b71a9,true,0,0,8,938,4508955,0,0
32,21,d6c669e3,true,0,0,8,880,4513149,0,0
32,22,83e8f3dd,true,0,0,8,873,4517343,6,0
32,23,10e41853,true,0,0,8,874,4517343,4,0
32,24,9011cfdf,true,0,0,8,877,4521537,0,0
32,25,729c80f3,true,0,0,8,882,4513149,0,0
32,26,b0417f7f,true,0,0,8,975,4492179,9,0
32,27,e99e4c5e,true,0,0,8,873,4517343,9,0
32,28,f0ad88e5,true,0,0,8,876,4525731,0,0
32,29,f5359bb5,true,0,0,8,967,4492179,11,0
32,30,35260a20,true,0,0,8,942,4500567,4,0
32,31,e9838c94,true,0,0,8,943,4508955,0,0
32,32,2bf2a7ae,true,0,0,8,964,4500567,2,0
32,33,1be6e108,true,0,0,8,875,4517343,7,0
32,34,9be85bb3,true,0,0,8,963,4500567,3,0
32,35,cd26dd90,true,0,0,8,970,4500567,0,0
32,36,905752a4,true,0,0,8,877,4521537,0,0
32,37,1879ee78,true,0,0,8,878,4517343,4,0
32,38,619eb059,true,0,0,8,878,4529925,2,0
32,39,988c39f4,true,0,0,8,881,4521537,0,0
32,40,9b25f17a,true,0,0,8,966,4500567,2,0
32,41,9e47b39a,true,0,0,8,971,4500567,0,0
32,42,af128e1a,true,0,0,8,873,4517343,12,0
32,43,f1ac3e65,true,0,0,8,951,4504761,15,0
32,44,e986124f,true,0,0,8,945,4508955,0,0
32,45,de5b9fc8,true,0,0,8,882,4513149,0,0
32,46,ef661923,true,0,0,8,875,4521537,9,0
32,47,b95229d6,true,0,0,8,953,4500567,4,0
