time_s,latitude_deg,longitude_deg,altitude_km,downrange_km,crossrange_km,speed_km_s,frame,segment,events,truth_checksum
0.000000,28.499996311,-80.599996281,0.002686,0.000000,0.000000,0.000000000,LocalEnuV1,LocalLaunch,0x0000,0x811c9dc5
0.906250,28.499996311,-80.600002257,0.010742,-0.000244,0.000244,0.018434227,EarthFixedEcefV1,EcefAscent,0x0003,0x6250d25f
0.968750,28.499998872,-80.599996281,0.012207,0.000000,0.000244,0.019715965,EarthFixedEcefV1,EcefAscent,0x0000,0x38ecf576
1.968750,28.499998872,-80.599999696,0.042236,-0.000244,0.000000,0.040377915,EarthFixedEcefV1,EcefAscent,0x0000,0x6d6e8d7e
2.968750,28.499998872,-80.599996281,0.093018,0.000000,-0.000244,0.061302960,EarthFixedEcefV1,EcefAscent,0x0000,0x70c653bf
3.968750,28.500002287,-80.599995427,0.164795,0.000488,0.000244,0.082445204,EarthFixedEcefV1,EcefAscent,0x0000,0xcfc25426
4.968750,28.500002287,-80.599992012,0.258057,0.000488,0.000244,0.103761733,EarthFixedEcefV1,EcefAscent,0x0000,0xd64a8e32
5.968750,28.500003141,-80.599979205,0.372559,0.002197,0.000244,0.125204146,EarthFixedEcefV1,EcefAscent,0x0000,0xaba26664
6.968750,28.500003141,-80.599958715,0.508301,0.004150,0.000488,0.146724164,EarthFixedEcefV1,EcefAscent,0x0000,0xcb103950
7.968750,28.500002287,-80.599923710,0.665771,0.007324,0.000732,0.168274283,EarthFixedEcefV1,EcefAscent,0x0000,0x36736fc5
8.968750,28.500003141,-80.599880167,0.844727,0.011475,0.000977,0.189767182,EarthFixedEcefV1,EcefAscent,0x0000,0xefb1e195
9.968750,28.500006556,-80.599815281,1.044922,0.017090,0.001221,0.211087227,EarthFixedEcefV1,EcefAscent,0x0000,0xafaf567c
10.968750,28.500009117,-80.599733318,1.266602,0.025146,0.000732,0.232152462,EarthFixedEcefV1,EcefAscent,0x0000,0x51ebe6d6
11.968750,28.500015948,-80.599630866,1.509277,0.035400,0.001709,0.252886713,EarthFixedEcefV1,EcefAscent,0x0000,0x56f67d90
12.968750,28.500016801,-80.599507922,1.771729,0.048096,0.002197,0.273201227,EarthFixedEcefV1,EcefAscent,0x0000,0x67af4be2
13.968750,28.500020216,-80.599347413,2.054443,0.063721,0.002441,0.292735696,EarthFixedEcefV1,EcefAscent,0x0000,0x276dc6ec
14.968750,28.500023632,-80.599162144,2.356201,0.082031,0.002686,0.311297178,EarthFixedEcefV1,EcefAscent,0x0000,0x197e6950
15.968750,28.500029608,-80.598937601,2.675293,0.103516,0.003174,0.328818560,EarthFixedEcefV1,EcefAscent,0x0000,0x3ec6341b
16.968750,28.500033877,-80.598684031,3.011719,0.128174,0.003906,0.345735908,EarthFixedEcefV1,EcefAscent,0x0000,0xf9f2ac87
17.968750,28.500037292,-80.598390332,3.364746,0.156982,0.004150,0.362658858,EarthFixedEcefV1,EcefAscent,0x0000,0x9185a6a2
18.968750,28.500044122,-80.598069314,3.734619,0.189941,0.005127,0.379672229,EarthFixedEcefV1,EcefAscent,0x0000,0x414a1bab
19.968750,28.500050952,-80.597686823,4.121094,0.227295,0.005615,0.396867871,EarthFixedEcefV1,EcefAscent,0x0000,0xac15507f
20.968750,28.500057782,-80.597256521,4.524414,0.269043,0.006348,0.414346397,EarthFixedEcefV1,EcefAscent,0x0000,0x3cc771fb
21.968750,28.500067174,-80.596775847,4.945068,0.316162,0.007568,0.432217658,EarthFixedEcefV1,EcefAscent,0x0000,0x0e683361
22.968750,28.500071443,-80.596245653,5.383301,0.368408,0.008057,0.450510800,EarthFixedEcefV1,EcefAscent,0x0000,0x35872b6d
23.968750,28.500081688,-80.595651427,5.839355,0.426758,0.008545,0.469191194,EarthFixedEcefV1,EcefAscent,0x0000,0xe94c29ec
24.968750,28.500085103,-80.594993167,6.313721,0.490967,0.009521,0.488274634,EarthFixedEcefV1,EcefAscent,0x0000,0x58311bfb
25.968750,28.500097910,-80.594272582,6.806641,0.562012,0.010986,0.507600069,EarthFixedEcefV1,EcefAscent,0x0000,0x8ad8465f
26.968750,28.500098764,-80.593469181,7.317871,0.639648,0.011475,0.527247787,EarthFixedEcefV1,EcefAscent,0x0000,0xfff64a0b
27.968750,28.500112424,-80.592601747,7.848145,0.725586,0.012695,0.547324777,EarthFixedEcefV1,EcefAscent,0x0000,0x454c9c99
28.968750,28.500125231,-80.591653205,8.398193,0.818604,0.014160,0.567951500,EarthFixedEcefV1,EcefAscent,0x0000,0x69ecd6fa
29.968750,28.500136330,-80.590614162,8.967773,0.920410,0.015137,0.589262843,EarthFixedEcefV1,EcefAscent,0x0000,0xb9bc822e
30.968750,28.500145721,-80.589494011,9.557617,1.030273,0.016602,0.611409605,EarthFixedEcefV1,EcefAscent,0x0000,0x146c00b7
31.968750,28.500159382,-80.588272261,10.168945,1.150146,0.017578,0.634547353,EarthFixedEcefV1,EcefAscent,0x0000,0x44063dd7
32.968750,28.500167066,-80.586946351,10.802246,1.280273,0.019043,0.658523738,EarthFixedEcefV1,EcefAscent,0x0000,0xf33015b8
33.968750,28.500184141,-80.585515426,11.458252,1.420654,0.020508,0.683366776,EarthFixedEcefV1,EcefAscent,0x0000,0xdf18e867
34.968750,28.500196948,-80.583979487,12.137939,1.571533,0.022461,0.709242821,EarthFixedEcefV1,EcefAscent,0x0000,0x2f6bb9b2
35.968750,28.500208047,-80.582312067,12.841797,1.735352,0.023438,0.736340880,EarthFixedEcefV1,EcefAscent,0x0000,0x24c64490
36.968750,28.500225122,-80.580516581,13.571533,1.911377,0.025635,0.764878750,EarthFixedEcefV1,EcefAscent,0x0000,0xa454fe5b
37.968750,28.500242198,-80.578586199,14.327881,2.101074,0.027100,0.795104861,EarthFixedEcefV1,EcefAscent,0x0000,0xcdbdb2a5
38.968750,28.500259273,-80.576509821,15.113037,2.304688,0.028564,0.827296436,EarthFixedEcefV1,EcefAscent,0x0000,0xd7148f62
39.968750,28.500276349,-80.574277203,15.928223,2.524658,0.031006,0.861095071,EarthFixedEcefV1,EcefAscent,0x0000,0x33249720
40.968750,28.500292570,-80.571872977,16.774658,2.760742,0.032715,0.896320224,EarthFixedEcefV1,EcefAscent,0x0000,0x7538be6a
41.968750,28.500306231,-80.569308241,17.653076,3.014160,0.034424,0.933039725,EarthFixedEcefV1,EcefAscent,0x0000,0x3d2151e3
42.968750,28.500327575,-80.566542014,18.565918,3.285156,0.036621,0.971453130,EarthFixedEcefV1,EcefAscent,0x0000,0x67ed8220
43.968750,28.500347212,-80.563577712,19.513916,3.576660,0.038818,1.011860549,EarthFixedEcefV1,EcefAscent,0x0000,0xe0ba02ba
44.968750,28.500365141,-80.560408504,20.498779,3.888184,0.041504,1.054480672,EarthFixedEcefV1,EcefAscent,0x0000,0x3b70373e
45.968750,28.500389047,-80.557016462,21.522461,4.222168,0.044189,1.098822296,EarthFixedEcefV1,EcefAscent,0x0000,0x2c1acc90
46.968750,28.500412099,-80.553387070,22.586182,4.579590,0.046631,1.144994140,EarthFixedEcefV1,EcefAscent,0x0000,0x6de28768
47.968750,28.500436858,-80.549499838,23.691162,4.961914,0.049805,1.193267882,EarthFixedEcefV1,EcefAscent,0x0000,0x406dd5a7
48.968750,28.500457349,-80.545360744,24.839111,5.370605,0.052002,1.243961930,EarthFixedEcefV1,EcefAscent,0x0000,0xcb188ddd
49.968750,28.500487231,-80.540928805,26.033203,5.806885,0.054932,1.297072411,EarthFixedEcefV1,EcefAscent,0x0000,0x3aa0ab04
50.968750,28.500508575,-80.536194630,27.273193,6.273438,0.057861,1.352291703,EarthFixedEcefV1,EcefAscent,0x0000,0x46ddf5d9
51.968750,28.500532481,-80.531147120,28.561035,6.770996,0.061035,1.409870982,EarthFixedEcefV1,EcefAscent,0x0000,0x578748c3
52.968750,28.500562363,-80.525761516,29.900391,7.302490,0.064941,1.470099926,EarthFixedEcefV1,EcefAscent,0x0000,0x45812cc2
53.968750,28.500587122,-80.520013912,31.290527,7.869385,0.068115,1.532904506,EarthFixedEcefV1,EcefAscent,0x0000,0x6bf1b916
54.968750,28.500617004,-80.513884671,32.735352,8.474121,0.071289,1.598044813,EarthFixedEcefV1,EcefAscent,0x0000,0x4d2ff481
55.968750,28.500647740,-80.507351595,34.234863,9.119141,0.075684,1.665752172,EarthFixedEcefV1,EcefAscent,0x0000,0x62831842
56.968750,28.500675915,-80.500395047,35.791748,9.806396,0.079590,1.736268997,EarthFixedEcefV1,EcefAscent,0x0000,0x9f5ae48d
57.968750,28.500709212,-80.492983438,37.407471,10.538330,0.083740,1.809864283,EarthFixedEcefV1,EcefAscent,0x0000,0x54d2b0ad
58.968750,28.500739948,-80.485112072,39.084473,11.317871,0.087891,1.886916280,EarthFixedEcefV1,EcefAscent,0x0000,0xa67b7cab
59.968750,28.500768122,-80.476731430,40.825928,12.145752,0.092285,1.967831671,EarthFixedEcefV1,EcefAscent,0x0000,0x95450c6c
60.000000,28.500768122,-80.476455661,40.881592,12.172607,0.092041,1.970416844,EarthFixedEcefV1,EcefAscent,0x0004,0x1f0f886b
60.968750,28.500798858,-80.468091241,42.597412,13.000977,0.096680,1.960353732,EarthFixedEcefV1,EcefAscent,0x0000,0xab74d790
61.968750,28.500829594,-80.459441660,44.357666,13.856201,0.100830,1.950329185,EarthFixedEcefV1,EcefAscent,0x0000,0x4cefe365
62.968750,28.500856061,-80.450821107,46.107178,14.711182,0.104248,1.940561175,EarthFixedEcefV1,EcefAscent,0x0000,0x150eea76
63.968750,28.500887650,-80.442198847,47.846436,15.565186,0.109375,1.931041002,EarthFixedEcefV1,EcefAscent,0x0000,0x61dc9334
64.968750,28.500914971,-80.433592809,49.575439,16.418457,0.113281,1.921764612,EarthFixedEcefV1,EcefAscent,0x0000,0x4c2e4a48
65.968750,28.500938877,-80.424999577,51.294922,17.270508,0.117432,1.912680984,EarthFixedEcefV1,EcefAscent,0x0000,0xe6fb7359
66.968750,28.500958514,-80.416414029,53.004150,18.123291,0.121094,1.903673172,EarthFixedEcefV1,EcefAscent,0x0000,0x83ec7a65
67.968750,28.500985834,-80.407828482,54.704102,18.974609,0.125488,1.894734740,EarthFixedEcefV1,EcefAscent,0x0000,0xf5931271
68.968750,28.501009740,-80.399256594,56.394287,19.827148,0.129639,1.885864317,EarthFixedEcefV1,EcefAscent,0x0000,0x7c134735
69.968750,28.501026816,-80.390698367,58.074707,20.677979,0.132812,1.877060533,EarthFixedEcefV1,EcefAscent,0x0000,0xe37f4297
70.968750,28.501048160,-80.382136725,59.745850,21.528564,0.136963,1.868322194,EarthFixedEcefV1,EcefAscent,0x0000,0x48a96fad
71.968750,28.501068650,-80.373596427,61.407471,22.379150,0.140137,1.859635949,EarthFixedEcefV1,EcefAscent,0x0000,0xb013caf5
72.968750,28.501081457,-80.365048445,63.059326,23.229492,0.144043,1.850980222,EarthFixedEcefV1,EcefAscent,0x0000,0x79f30c53
73.968750,28.501098533,-80.356514124,64.702148,24.079590,0.147705,1.842354178,EarthFixedEcefV1,EcefAscent,0x0000,0x2315935b
74.968750,28.501116462,-80.347986633,66.335205,24.929199,0.151123,1.833757520,EarthFixedEcefV1,EcefAscent,0x0000,0x8b980d86
75.968750,28.501129268,-80.339469387,67.958740,25.778564,0.154785,1.825189829,EarthFixedEcefV1,EcefAscent,0x0000,0xb9381927
76.968750,28.501146344,-80.330951287,69.572998,26.627441,0.158203,1.816650927,EarthFixedEcefV1,EcefAscent,0x0000,0x1c20b126
77.968750,28.501160858,-80.322444287,71.178223,27.476562,0.161377,1.808137655,EarthFixedEcefV1,EcefAscent,0x0000,0x82a89843
78.968750,28.501170250,-80.313947531,72.773682,28.324707,0.164551,1.799643040,EarthFixedEcefV1,EcefAscent,0x0000,0xb4c8a659
79.968750,28.501177933,-80.305450776,74.359619,29.173096,0.167969,1.791166663,EarthFixedEcefV1,EcefAscent,0x0000,0x25802ead
80.968750,28.501184764,-80.296961705,75.936279,30.020752,0.170898,1.782708585,EarthFixedEcefV1,EcefAscent,0x0000,0xef9f5233
81.968750,28.501195009,-80.288482025,77.503906,30.868408,0.174072,1.774268746,EarthFixedEcefV1,EcefAscent,0x0000,0xd317d6d7
82.968750,28.501204400,-80.280008321,79.062012,31.716064,0.176758,1.765847206,EarthFixedEcefV1,EcefAscent,0x0000,0x8e2b7a26
83.968750,28.501208669,-80.271539741,80.610596,32.562988,0.180176,1.757443786,EarthFixedEcefV1,EcefAscent,0x0000,0xa0ee1ef3
84.968750,28.501212084,-80.263072867,82.150146,33.409912,0.183594,1.749056458,EarthFixedEcefV1,EcefAscent,0x0000,0xd2b77233
85.968750,28.501218061,-80.254629046,83.680420,34.256836,0.186279,1.740684748,EarthFixedEcefV1,EcefAscent,0x0000,0x5e308041
86.968750,28.501221476,-80.246174126,85.201172,35.103027,0.188721,1.732328832,EarthFixedEcefV1,EcefAscent,0x0000,0xff3b3a3c
87.968750,28.501222330,-80.237727743,86.712646,35.949463,0.191406,1.723988831,EarthFixedEcefV1,EcefAscent,0x0000,0xc781daac
88.968750,28.501222330,-80.229292459,88.214600,36.795166,0.194824,1.715664804,EarthFixedEcefV1,EcefAscent,0x0000,0xec7c93bd
89.968750,28.501221476,-80.220850345,89.707520,37.640869,0.196777,1.707356811,EarthFixedEcefV1,EcefAscent,0x0000,0x16fbb995
90.968750,28.501222330,-80.212425307,91.190918,38.486816,0.199707,1.699064791,EarthFixedEcefV1,EcefAscent,0x0000,0xdd34c1ff
91.968750,28.501221476,-80.204007099,92.665283,39.331543,0.202393,1.690788507,EarthFixedEcefV1,EcefAscent,0x0000,0x32a426c6
92.968750,28.501218061,-80.195593160,94.130127,40.176514,0.204346,1.682527900,EarthFixedEcefV1,EcefAscent,0x0000,0x59df7b35
93.968750,28.501212084,-80.187177513,95.585938,41.021484,0.207275,1.674283385,EarthFixedEcefV1,EcefAscent,0x0000,0x486657fb
94.968750,28.501204400,-80.178779795,97.031982,41.866211,0.209473,1.666054785,EarthFixedEcefV1,EcefAscent,0x0000,0x8bff8dc4
95.968750,28.501198424,-80.170375247,98.468750,42.710205,0.211670,1.657842517,EarthFixedEcefV1,EcefAscent,0x0000,0xaceb6e3d
96.968750,28.501191594,-80.161980945,99.896729,43.553955,0.213623,1.649646461,EarthFixedEcefV1,EcefAscent,0x0000,0xa4db0708
97.968750,28.501183910,-80.153596888,101.315186,44.397461,0.215820,1.641466796,EarthFixedEcefV1,EcefAscent,0x0000,0x9f6391d1
98.968750,28.501177933,-80.145212831,102.724609,45.241211,0.218018,1.633303821,EarthFixedEcefV1,EcefAscent,0x0000,0xcba516a0
99.968750,28.501164273,-80.136839872,104.124512,46.084473,0.220215,1.625157595,EarthFixedEcefV1,EcefAscent,0x0000,0x6da16eb5
100.968750,28.501160004,-80.128462645,105.515381,46.927734,0.221924,1.617028177,EarthFixedEcefV1,EcefAscent,0x0000,0xa5852066
101.968750,28.501140367,-80.120099079,106.896240,47.770264,0.223877,1.608915687,EarthFixedEcefV1,EcefAscent,0x0000,0x65c02b1d
102.968750,28.501125853,-80.111735512,108.268555,48.612549,0.225830,1.600820422,EarthFixedEcefV1,EcefAscent,0x0000,0x9d2c7872
103.968750,28.501109632,-80.103381337,109.631348,49.455322,0.227539,1.592742383,EarthFixedEcefV1,EcefAscent,0x0000,0xe3885252
104.968750,28.501095971,-80.095028016,110.985107,50.297119,0.229248,1.584681809,EarthFixedEcefV1,EcefAscent,0x0000,0x64d8fab9
105.968750,28.501078042,-80.086688355,112.329346,51.138428,0.230957,1.576638937,EarthFixedEcefV1,EcefAscent,0x0000,0x112444cd
106.968750,28.501060967,-80.078346132,113.664551,51.980225,0.232666,1.568613827,EarthFixedEcefV1,EcefAscent,0x0000,0xbd00fcab
107.968750,28.501043891,-80.070009887,114.990723,52.821533,0.234375,1.560606718,EarthFixedEcefV1,EcefAscent,0x0000,0x0859b04d
108.968750,28.501020839,-80.061683032,116.307129,53.662354,0.236084,1.552617788,EarthFixedEcefV1,EcefAscent,0x0000,0x2270cf39
109.968750,28.500999495,-80.053353616,117.614746,54.503418,0.237061,1.544647217,EarthFixedEcefV1,EcefAscent,0x0000,0x59409c67
110.968750,28.500979858,-80.045037861,118.913086,55.343994,0.239014,1.536695182,EarthFixedEcefV1,EcefAscent,0x0000,0xd452cbf7
111.812500,28.500965344,-80.038027953,120.001465,56.052734,0.239990,1.530000210,EarthInertialEciV1,EciCoast,0x0008,0x8dfcd09b
111.968750,28.500962783,-80.036733632,120.201660,56.184082,0.240479,1.528761983,EarthInertialEciV1,EciCoast,0x0000,0x9b9b4ed9
112.968750,28.500938877,-80.028424707,121.481934,57.023682,0.241943,1.520847619,EarthInertialEciV1,EciCoast,0x0000,0x3410575c
113.968750,28.500917533,-80.020118343,122.752930,57.863770,0.242920,1.512952447,EarthInertialEciV1,EciCoast,0x0000,0x3589d689
114.968750,28.500890212,-80.011823932,124.014404,58.702637,0.244141,1.505076706,EarthInertialEciV1,EciCoast,0x0000,0xf5989978
115.968750,28.500859476,-80.003524398,125.266357,59.542480,0.244873,1.497220635,EarthInertialEciV1,EciCoast,0x0000,0x77560ad8
116.968750,28.500833009,-79.995239379,126.509033,60.380859,0.246094,1.489384234,EarthInertialEciV1,EciCoast,0x0000,0x5a04c0f5
117.968750,28.500805688,-79.986940699,127.742920,61.220215,0.247559,1.481567800,EarthInertialEciV1,EciCoast,0x0000,0x63a19175
118.968750,28.500770683,-79.978672755,128.967041,62.057861,0.248047,1.473771751,EarthInertialEciV1,EciCoast,0x0000,0x25f42fc7
119.968750,28.500740801,-79.970394566,130.182373,62.896484,0.248779,1.465996087,EarthInertialEciV1,EciCoast,0x0000,0xa756163c
120.968750,28.500712627,-79.962120645,131.388916,63.734863,0.249756,1.458241343,EarthInertialEciV1,EciCoast,0x0000,0xc201dcf8
121.968750,28.500682745,-79.953865508,132.585693,64.571533,0.250732,1.450507224,EarthInertialEciV1,EciCoast,0x0000,0xbbdfcfdf
122.968750,28.500645179,-79.945600979,133.773438,65.409180,0.251221,1.442794502,EarthInertialEciV1,EciCoast,0x0000,0xfb0403b0
123.968750,28.500613589,-79.937344134,134.952637,66.246338,0.251221,1.435103238,EarthInertialEciV1,EciCoast,0x0000,0x809e3a13
124.968750,28.500573462,-79.929089850,136.121338,67.083740,0.252197,1.427433848,EarthInertialEciV1,EciCoast,0x0000,0x2b6b4d70
125.968750,28.500538457,-79.920842397,137.281738,67.920166,0.253418,1.419786274,EarthInertialEciV1,EciCoast,0x0000,0x1978fd55
126.968750,28.500501745,-79.912611165,138.432861,68.756836,0.252930,1.412160993,EarthInertialEciV1,EciCoast,0x0000,0x420fbfe6
127.968750,28.500460764,-79.904367127,139.574707,69.592529,0.253662,1.404558122,EarthInertialEciV1,EciCoast,0x0000,0xd76e29b3
128.968750,28.500422344,-79.896129919,140.707520,70.428711,0.254639,1.396978259,EarthInertialEciV1,EciCoast,0x0000,0x1ff4dbba
129.968750,28.500384778,-79.887900395,141.831055,71.264160,0.254883,1.389421463,EarthInertialEciV1,EciCoast,0x0000,0x0bff68f1
130.968750,28.500336966,-79.879673432,142.945557,72.100098,0.254883,1.381888092,EarthInertialEciV1,EciCoast,0x0000,0x622fdd0a
131.968750,28.500299400,-79.871449030,144.051025,72.935303,0.254395,1.374378204,EarthInertialEciV1,EciCoast,0x0000,0x9cdeb62b
132.968750,28.500255004,-79.863235728,145.146240,73.770508,0.255371,1.366892457,EarthInertialEciV1,EciCoast,0x0000,0x13073927
133.968750,28.500207193,-79.855023279,146.233154,74.605225,0.255371,1.359431088,EarthInertialEciV1,EciCoast,0x0000,0x9a8d7584
134.968750,28.500163650,-79.846809977,147.311523,75.439453,0.255615,1.351994097,EarthInertialEciV1,EciCoast,0x0000,0xcd4f1a55
135.968750,28.500108155,-79.838610334,148.380371,76.273682,0.254639,1.344582319,EarthInertialEciV1,EciCoast,0x0000,0x39453cb9
136.968750,28.500061198,-79.830407277,149.440430,77.107910,0.254150,1.337195516,EarthInertialEciV1,EciCoast,0x0000,0x06ede7e5
137.968750,28.500016801,-79.822200805,150.490723,77.941895,0.254395,1.329834580,EarthInertialEciV1,EciCoast,0x0000,0x208fb773
138.968750,28.499971551,-79.814025922,151.531738,78.774658,0.254883,1.322499335,EarthInertialEciV1,EciCoast,0x0000,0x512ef1e2
139.968750,28.499920325,-79.805830549,152.563965,79.608643,0.254639,1.315190673,EarthInertialEciV1,EciCoast,0x0000,0x65962acc
140.968750,28.499866537,-79.797654813,153.586670,80.441650,0.253906,1.307908475,EarthInertialEciV1,EciCoast,0x0000,0x2cccf1cc
141.968750,28.499821287,-79.789462001,154.601318,81.274414,0.253662,1.300653398,EarthInertialEciV1,EciCoast,0x0000,0x975c87cf
142.968750,28.499764084,-79.781288826,155.605713,82.106934,0.253174,1.293425679,EarthInertialEciV1,EciCoast,0x0000,0x5fe5a09d
143.968750,28.499715419,-79.773120773,156.601562,82.939209,0.253174,1.286225557,EarthInertialEciV1,EciCoast,0x0000,0x1547ba88
144.968750,28.499650532,-79.764944183,157.587402,83.770508,0.251709,1.279053867,EarthInertialEciV1,EciCoast,0x0000,0x99e11ced
145.968750,28.499600160,-79.756785522,158.565186,84.603027,0.250732,1.271910667,EarthInertialEciV1,EciCoast,0x0000,0xe1483e0d
146.968750,28.499537834,-79.748620031,159.533691,85.434082,0.250488,1.264796376,EarthInertialEciV1,EciCoast,0x0000,0xfdf0b6da
147.968750,28.499476363,-79.740457955,160.492188,86.265625,0.249512,1.257711470,EarthInertialEciV1,EciCoast,0x0000,0x80df4906
148.968750,28.499425136,-79.732299294,161.442871,87.096924,0.249268,1.250656307,EarthInertialEciV1,EciCoast,0x0000,0x4afb0274
149.968750,28.499357688,-79.724155147,162.383789,87.927490,0.247803,1.243631423,EarthInertialEciV1,EciCoast,0x0000,0xc69638aa
150.968750,28.499299631,-79.715999901,163.315674,88.758545,0.247070,1.236637175,EarthInertialEciV1,EciCoast,0x0000,0x301b2485
151.968750,28.499237306,-79.707857462,164.237793,89.588623,0.246582,1.229673922,EarthInertialEciV1,EciCoast,0x0000,0x311e0669
152.968750,28.499173273,-79.699722707,165.151855,90.418701,0.245117,1.222742140,EarthInertialEciV1,EciCoast,0x0000,0xa402e1cd
153.968750,28.499104971,-79.691581975,166.056396,91.248291,0.243408,1.215842664,EarthInertialEciV1,EciCoast,0x0000,0x9dbde4ef
154.968750,28.499039231,-79.683453196,166.951904,92.077881,0.242432,1.208975375,EarthInertialEciV1,EciCoast,0x0000,0xdd0f86b2
155.968750,28.498978613,-79.675315026,167.839111,92.907471,0.240967,1.202141047,EarthInertialEciV1,EciCoast,0x0000,0xf1606000
156.968750,28.498912872,-79.667187100,168.715576,93.736816,0.240479,1.195340455,EarthInertialEciV1,EciCoast,0x0000,0x04cd9213
157.968750,28.498841155,-79.659066006,169.583984,94.564941,0.238525,1.188573599,EarthInertialEciV1,EciCoast,0x0000,0x8a2fff2a
158.968750,28.498772853,-79.650942349,170.442871,95.394531,0.237549,1.181841195,EarthInertialEciV1,EciCoast,0x0000,0xc62b336c
159.968750,28.498695160,-79.642828085,171.292480,96.222412,0.235596,1.175143719,EarthInertialEciV1,EciCoast,0x0000,0xb233ea35
160.968750,28.498623443,-79.634716381,172.133789,97.050293,0.234131,1.168481767,EarthInertialEciV1,EciCoast,0x0000,0x6c629a91
161.968750,28.498554287,-79.626595286,172.966309,97.878662,0.232422,1.161855698,EarthInertialEciV1,EciCoast,0x0000,0x9c0b65bf
162.968750,28.498483424,-79.618491267,173.788574,98.706299,0.230713,1.155266404,EarthInertialEciV1,EciCoast,0x0000,0xe21b2b24
163.968750,28.498404877,-79.610388101,174.602539,99.533447,0.229004,1.148714125,EarthInertialEciV1,EciCoast,0x0000,0x8067e6da
164.968750,28.498336575,-79.602283228,175.407227,100.360840,0.227783,1.142199516,EarthInertialEciV1,EciCoast,0x0000,0x736d6211
165.968750,28.498257174,-79.594182624,176.202881,101.188477,0.224609,1.135723233,EarthInertialEciV1,EciCoast,0x0000,0x492f9e62
166.968750,28.498179480,-79.586092691,176.989258,102.014160,0.223877,1.129285634,EarthInertialEciV1,EciCoast,0x0000,0x90876d8a
167.968750,28.498107763,-79.577998917,177.767090,102.840820,0.221436,1.122887731,EarthInertialEciV1,EciCoast,0x0000,0xb85b9c9c
168.968750,28.498025801,-79.569909412,178.535645,103.667969,0.219727,1.116529644,EarthInertialEciV1,EciCoast,0x0000,0x3b55a213
169.968750,28.497943839,-79.561825029,179.294922,104.493164,0.217285,1.110212147,EarthInertialEciV1,EciCoast,0x0000,0xcef44eca
170.968750,28.497868707,-79.553738085,180.045166,105.319092,0.215576,1.103936136,EarthInertialEciV1,EciCoast,0x0000,0xcc207fc2
171.968750,28.497779061,-79.545651995,180.786377,106.145264,0.212891,1.097702146,EarthInertialEciV1,EciCoast,0x0000,0x8ca1e90e
172.968750,28.497694537,-79.537571881,181.518555,106.969971,0.210938,1.091510594,EarthInertialEciV1,EciCoast,0x0000,0x9229c173
173.968750,28.497615990,-79.529497744,182.241211,107.794922,0.208496,1.085362136,EarthInertialEciV1,EciCoast,0x0000,0x979c4576
174.968750,28.497527197,-79.521421045,182.955811,108.619141,0.206055,1.079257905,EarthInertialEciV1,EciCoast,0x0000,0x655a4036
175.968750,28.497445235,-79.513351177,183.660889,109.444336,0.203369,1.073197842,EarthInertialEciV1,EciCoast,0x0000,0x2a99a7b1
176.968750,28.497352174,-79.505288992,184.356689,110.268066,0.201172,1.067183435,EarthInertialEciV1,EciCoast,0x0000,0xac230961
177.968750,28.497264235,-79.497219124,185.043457,111.092773,0.198486,1.061214864,EarthInertialEciV1,EciCoast,0x0000,0x7c9e5056
178.968750,28.497178858,-79.489152670,185.721680,111.916260,0.196289,1.055292964,EarthInertialEciV1,EciCoast,0x0000,0x9676f566
179.968750,28.497092627,-79.481093047,186.390869,112.739502,0.193604,1.049418449,EarthInertialEciV1,EciCoast,0x0000,0x7aedea89
180.968750,28.496997858,-79.473039400,187.050293,113.563232,0.190918,1.043592036,EarthInertialEciV1,EciCoast,0x0000,0x1d241374
181.968750,28.496904796,-79.464987461,187.701660,114.385986,0.187500,1.037814796,EarthInertialEciV1,EciCoast,0x0000,0xd096ad47
182.968750,28.496809174,-79.456930399,188.342529,115.208984,0.185303,1.032086849,EarthInertialEciV1,EciCoast,0x0000,0x37065669
183.968750,28.496723796,-79.448881021,188.976318,116.031494,0.182373,1.026409507,EarthInertialEciV1,EciCoast,0x0000,0xe8001a37
184.968750,28.496629028,-79.440835912,189.599854,116.853760,0.179688,1.020783365,EarthInertialEciV1,EciCoast,0x0000,0x3141b11c
185.968750,28.496532551,-79.432789095,190.214844,117.675537,0.176025,1.015209138,EarthInertialEciV1,EciCoast,0x0000,0xae5c86bb
186.968750,28.496434367,-79.424737156,190.819580,118.497803,0.173096,1.009687841,EarthInertialEciV1,EciCoast,0x0000,0x396d5235
187.968750,28.496342160,-79.416698024,191.416504,119.319580,0.170166,1.004219890,EarthInertialEciV1,EciCoast,0x0000,0xe4d8bab5
188.968750,28.496245683,-79.408662306,192.004639,120.140625,0.166992,0.998806596,EarthInertialEciV1,EciCoast,0x0000,0x5e81926a
189.968750,28.496146645,-79.400632565,192.583496,120.962158,0.163574,0.993448436,EarthInertialEciV1,EciCoast,0x0000,0xda6a1cbb
190.968750,28.496040777,-79.392590017,193.152832,121.782715,0.160156,0.988146365,EarthInertialEciV1,EciCoast,0x0000,0x9319313b
191.968750,28.495941740,-79.384557715,193.712891,122.603271,0.156982,0.982901156,EarthInertialEciV1,EciCoast,0x0000,0xb9d8871d
192.968750,28.495836726,-79.376519436,194.264893,123.424072,0.153564,0.977713943,EarthInertialEciV1,EciCoast,0x0000,0xe213f516
193.968750,28.495734273,-79.368486279,194.807373,124.244385,0.150146,0.972585201,EarthInertialEciV1,EciCoast,0x0000,0x2af11bc6
194.968750,28.495631820,-79.360480017,195.340332,125.063965,0.146484,0.967516065,EarthInertialEciV1,EciCoast,0x0000,0x0f2207d2
195.968750,28.495525098,-79.352451984,195.865479,125.883789,0.142578,0.962507248,EarthInertialEciV1,EciCoast,0x0000,0xb36264ed
196.968750,28.495415815,-79.344429073,196.381104,126.702881,0.138672,0.957559884,EarthInertialEciV1,EciCoast,0x0000,0x50355e19
197.968750,28.495316777,-79.336404454,196.887695,127.522705,0.135498,0.952674627,EarthInertialEciV1,EciCoast,0x0000,0x44e47b99
198.968750,28.495207494,-79.328384958,197.385010,128.341309,0.131348,0.947852492,EarthInertialEciV1,EciCoast,0x0000,0x0c90178f
199.968750,28.495098211,-79.320362901,197.873291,129.160400,0.127686,0.943094194,EarthInertialEciV1,EciCoast,0x0000,0xe3d4993b
200.968750,28.494986367,-79.312351089,198.352539,129.978516,0.123779,0.938401341,EarthInertialEciV1,EciCoast,0x0000,0x1f5d2797
201.968750,28.494872815,-79.304346961,198.823242,130.796387,0.119873,0.933773935,EarthInertialEciV1,EciCoast,0x0000,0xdc78adc6
202.968750,28.494760117,-79.296335149,199.284424,131.614502,0.115234,0.929213464,EarthInertialEciV1,EciCoast,0x0000,0x97261a05
203.968750,28.494644858,-79.288319922,199.737549,132.432373,0.111816,0.924720943,EarthInertialEciV1,EciCoast,0x0000,0xbf675400
204.968750,28.494531306,-79.280314941,200.181152,133.250000,0.107178,0.920296788,EarthInertialEciV1,EciCoast,0x0000,0xbd60b9e8
205.968750,28.494419461,-79.272302275,200.614990,134.067139,0.103027,0.915942490,EarthInertialEciV1,EciCoast,0x0000,0x141a4159
206.968750,28.494305909,-79.264297293,201.040771,134.884521,0.099365,0.911658704,EarthInertialEciV1,EciCoast,0x0000,0x9324b66e
207.968750,28.494189796,-79.256285481,201.457520,135.701904,0.095215,0.907446444,EarthInertialEciV1,EciCoast,0x0000,0x287782aa
208.968750,28.494071122,-79.248298429,201.864502,136.517822,0.090820,0.903306603,EarthInertialEciV1,EciCoast,0x0000,0x1dc72cbc
209.968750,28.493951593,-79.240289178,202.262939,137.334717,0.086426,0.899240494,EarthInertialEciV1,EciCoast,0x0000,0x8e380d59
210.968750,28.493831211,-79.232285050,202.652832,138.150635,0.081543,0.895248473,EarthInertialEciV1,EciCoast,0x0000,0xb641f2ed
211.968750,28.493709122,-79.224292875,203.032959,138.966309,0.077393,0.891331971,EarthInertialEciV1,EciCoast,0x0000,0x5cb5393b
212.968750,28.493593008,-79.216294724,203.404541,139.781982,0.073242,0.887491703,EarthInertialEciV1,EciCoast,0x0000,0xee7cf468
213.968750,28.493469211,-79.208310233,203.767334,140.596680,0.067871,0.883728862,EarthInertialEciV1,EciCoast,0x0000,0x05f40227
214.968750,28.493346268,-79.200312935,204.121094,141.411621,0.062988,0.880043983,EarthInertialEciV1,EciCoast,0x0000,0xc4324780
215.968750,28.493213933,-79.192327590,204.465088,142.227051,0.058350,0.876438498,EarthInertialEciV1,EciCoast,0x0000,0xe08df04b
216.968750,28.493090990,-79.184326023,204.800537,143.041992,0.053467,0.872913063,EarthInertialEciV1,EciCoast,0x0000,0x9727c768
217.968750,28.492968046,-79.176338971,205.127686,143.855713,0.048828,0.869468629,EarthInertialEciV1,EciCoast,0x0000,0xc885e354
218.968750,28.492845103,-79.168343381,205.445068,144.670654,0.043701,0.866106212,EarthInertialEciV1,EciCoast,0x0000,0xc4b2c41e
219.968750,28.492714475,-79.160359743,205.753906,145.484131,0.038574,0.862826705,EarthInertialEciV1,EciCoast,0x0000,0xbe899cb6
220.968750,28.492591532,-79.152377813,206.053467,146.297607,0.034180,0.859630823,EarthInertialEciV1,EciCoast,0x0000,0x634371f3
221.968750,28.492454928,-79.144389907,206.343750,147.111572,0.028320,0.856519699,EarthInertialEciV1,EciCoast,0x0000,0x0a292e61
222.968750,28.492325155,-79.136413527,206.625244,147.924072,0.023438,0.853494346,EarthInertialEciV1,EciCoast,0x0000,0x3b545cd4
223.968750,28.492198796,-79.128425621,206.898193,148.737549,0.019043,0.850555301,EarthInertialEciV1,EciCoast,0x0000,0xc5643048
224.968750,28.492056216,-79.120447106,207.161621,149.550537,0.012695,0.847703636,EarthInertialEciV1,EciCoast,0x0000,0x10e8d071
225.968750,28.491923027,-79.112470299,207.416992,150.362305,0.007324,0.844940364,EarthInertialEciV1,EciCoast,0x0000,0x72148ac6
226.968750,28.491786423,-79.104491784,207.661865,151.174561,0.001465,0.842265785,EarthInertialEciV1,EciCoast,0x0000,0x9625aeec
227.968750,28.491655796,-79.096511562,207.898682,151.986816,-0.003418,0.839681268,EarthInertialEciV1,EciCoast,0x0000,0x119e2161
228.968750,28.491512362,-79.088529632,208.126953,152.799072,-0.009033,0.837187529,EarthInertialEciV1,EciCoast,0x0000,0xbf7b5e37
229.968750,28.491382588,-79.080556240,208.345947,153.610352,-0.014404,0.834785044,EarthInertialEciV1,EciCoast,0x0000,0x2c20157d
230.968750,28.491239154,-79.072577725,208.555664,154.421875,-0.020264,0.832474768,EarthInertialEciV1,EciCoast,0x0000,0x12e4486f
231.968750,28.491103404,-79.064603479,208.756348,155.232666,-0.025391,0.830257595,EarthInertialEciV1,EciCoast,0x0000,0x8e6c1e75
232.968750,28.490959117,-79.056629233,208.947510,156.042969,-0.031250,0.828133941,EarthInertialEciV1,EciCoast,0x0000,0x670c0a7f
233.968750,28.490819952,-79.048651573,209.131104,156.853516,-0.037598,0.826104701,EarthInertialEciV1,EciCoast,0x0000,0xa3d5be60
234.968750,28.490679079,-79.040673912,209.305176,157.664062,-0.042969,0.824170589,EarthInertialEciV1,EciCoast,0x0000,0x87407490
235.968750,28.490536499,-79.032699666,209.469971,158.474121,-0.049316,0.822332025,EarthInertialEciV1,EciCoast,0x0000,0xff80a9a4
236.968750,28.490388796,-79.024742495,209.625488,159.284424,-0.055664,0.820589960,EarthInertialEciV1,EciCoast,0x0000,0xd851ee36
237.968750,28.490245362,-79.016769103,209.772705,160.093262,-0.061768,0.818944931,EarthInertialEciV1,EciCoast,0x0000,0xd933674e
238.968750,28.490099367,-79.008788027,209.910645,160.903564,-0.067139,0.817397118,EarthInertialEciV1,EciCoast,0x0000,0x81734c06
239.968750,28.489948249,-79.000819758,210.040039,161.712646,-0.073730,0.815947413,EarthInertialEciV1,EciCoast,0x0000,0x8140ca2c
240.968750,28.489797985,-78.992855757,210.160400,162.520752,-0.080078,0.814596355,EarthInertialEciV1,EciCoast,0x0000,0x7d5b4dc5
241.968750,28.489647720,-78.984882365,210.270752,163.329590,-0.086426,0.813344121,EarthInertialEciV1,EciCoast,0x0000,0x12f785e7
242.968750,28.489498310,-78.976908119,210.373535,164.138184,-0.093018,0.812191427,EarthInertialEciV1,EciCoast,0x0000,0x5ea9632b
243.968750,28.489348046,-78.968944119,210.466309,164.946777,-0.098877,0.811138570,EarthInertialEciV1,EciCoast,0x0000,0xfcbf8ee9
244.968750,28.489201197,-78.960979264,210.551270,165.754395,-0.104980,0.810185969,EarthInertialEciV1,EciCoast,0x0000,0x57d8895f
245.968750,28.489043249,-78.953009287,210.626221,166.561768,-0.112061,0.809333861,EarthInertialEciV1,EciCoast,0x0000,0x4c10594c
246.968750,28.488890423,-78.945048702,210.692139,167.368652,-0.118408,0.808583021,EarthInertialEciV1,EciCoast,0x0000,0xb48d29ca
247.968750,28.488732475,-78.937071041,210.749023,168.176270,-0.125000,0.807932973,EarthInertialEciV1,EciCoast,0x0000,0xb0ee6667
248.968750,28.488582211,-78.929103625,210.797852,168.983398,-0.131592,0.807384431,EarthInertialEciV1,EciCoast,0x0000,0x949715b2
249.968750,28.488429385,-78.921143040,210.837646,169.789795,-0.138184,0.806937635,EarthInertialEciV1,EciCoast,0x0000,0xa9358bb1
250.687500,28.488309857,-78.915427879,210.859131,170.369873,-0.143311,0.806679130,EarthInertialEciV1,EciCoast,0x0010,0xda7f1f69
250.968750,28.488265461,-78.913177332,210.868164,170.596680,-0.145508,0.806592405,EarthInertialEciV1,EciCoast,0x0000,0x676a9401
251.968750,28.488107513,-78.905216746,210.888428,171.402832,-0.152100,0.806349099,EarthInertialEciV1,EciCoast,0x0000,0x3d09ef6a
252.968750,28.487947857,-78.897248477,210.901611,172.208496,-0.158936,0.806207955,EarthInertialEciV1,EciCoast,0x0000,0x7f448558
253.968750,28.487787348,-78.889284476,210.904785,173.015137,-0.165771,0.806168616,EarthInertialEciV1,EciCoast,0x0000,0x18c80d54
254.968750,28.487625984,-78.881317061,210.899414,173.820068,-0.173340,0.806231380,EarthInertialEciV1,EciCoast,0x0000,0xd20fdb60
255.968750,28.487459499,-78.873349645,210.885010,174.625000,-0.180176,0.806396365,EarthInertialEciV1,EciCoast,0x0000,0xd2e47c04
256.968750,28.487301550,-78.865379668,210.860840,175.430664,-0.186768,0.806663156,EarthInertialEciV1,EciCoast,0x0000,0xadc6b85f
257.968750,28.487134211,-78.857412252,210.828857,176.235596,-0.194336,0.807031989,EarthInertialEciV1,EciCoast,0x0000,0x7306dc32
258.968750,28.486967725,-78.849454228,210.787109,177.040039,-0.201416,0.807502329,EarthInertialEciV1,EciCoast,0x0000,0xa5e6d2ec
259.968750,28.486796116,-78.841480836,210.737061,177.844238,-0.208740,0.808074355,EarthInertialEciV1,EciCoast,0x0000,0x7eb388e0
260.968750,28.486635607,-78.833515982,210.677979,178.648438,-0.216309,0.808747768,EarthInertialEciV1,EciCoast,0x0000,0x08a41db5
261.968750,28.486462291,-78.825546005,210.609131,179.452148,-0.223633,0.809522152,EarthInertialEciV1,EciCoast,0x0000,0x2443427c
262.968750,28.486294951,-78.817575174,210.531982,180.256104,-0.230713,0.810397565,EarthInertialEciV1,EciCoast,0x0000,0x4303ffe0
263.968750,28.486124197,-78.809607758,210.445801,181.059326,-0.238525,0.811373115,EarthInertialEciV1,EciCoast,0x0000,0x87f9b421
264.968750,28.485945758,-78.801642904,210.350342,181.862793,-0.246826,0.812449098,EarthInertialEciV1,EciCoast,0x0000,0xee7670fc
265.968750,28.485781833,-78.793683172,210.246094,182.665283,-0.254395,0.813624859,EarthInertialEciV1,EciCoast,0x0000,0x1fdb6e0a
266.968750,28.485604248,-78.785714903,210.133301,183.468018,-0.261475,0.814900041,EarthInertialEciV1,EciCoast,0x0000,0x317e4b0e
267.968750,28.485430932,-78.777741511,210.010986,184.270508,-0.269531,0.816274047,EarthInertialEciV1,EciCoast,0x0000,0xa9352e21
268.968750,28.485256763,-78.769770680,209.880127,185.072754,-0.277588,0.817746401,EarthInertialEciV1,EciCoast,0x0000,0xcbd584cc
269.968750,28.485079178,-78.761805826,209.739990,185.874023,-0.285400,0.819316626,EarthInertialEciV1,EciCoast,0x0000,0x70c2cd25
270.968750,28.484904154,-78.753828165,209.591064,186.676270,-0.292725,0.820984483,EarthInertialEciV1,EciCoast,0x0000,0x60101732
271.968750,28.484726569,-78.745858188,209.432617,187.478027,-0.301270,0.822748959,EarthInertialEciV1,EciCoast,0x0000,0x8d2579be
272.968750,28.484546423,-78.737893333,209.265869,188.278809,-0.308594,0.824609518,EarthInertialEciV1,EciCoast,0x0000,0x48641829
273.968750,28.484362008,-78.729922502,209.089844,189.080322,-0.317383,0.826565742,EarthInertialEciV1,EciCoast,0x0000,0x31a5aafb
274.968750,28.484180154,-78.721945695,208.904541,189.880859,-0.325684,0.828616798,EarthInertialEciV1,EciCoast,0x0000,0x2b40cf86
275.968750,28.484000008,-78.713971449,208.710693,190.681152,-0.333252,0.830762148,EarthInertialEciV1,EciCoast,0x0000,0xc39f73e3
276.968750,28.483818154,-78.705993788,208.508057,191.481934,-0.341553,0.833000958,EarthInertialEciV1,EciCoast,0x0000,0xba04cf60
277.968750,28.483631178,-78.698016128,208.296143,192.282227,-0.350098,0.835332513,EarthInertialEciV1,EciCoast,0x0000,0xfb1932e3
278.968750,28.483443347,-78.690049139,208.075195,193.081787,-0.358887,0.837756157,EarthInertialEciV1,EciCoast,0x0000,0xa3704cc7
279.968750,28.483258932,-78.682074039,207.844971,193.881592,-0.366943,0.840271056,EarthInertialEciV1,EciCoast,0x0000,0x14086263
280.968750,28.483077932,-78.674097232,207.606445,194.680420,-0.375244,0.842876434,EarthInertialEciV1,EciCoast,0x0000,0x65c2b930
281.968750,28.482885833,-78.666122132,207.358154,195.479736,-0.384033,0.845571578,EarthInertialEciV1,EciCoast,0x0000,0x1a4e25e5
282.968750,28.482687758,-78.658134226,207.101807,196.278809,-0.393066,0.848355412,EarthInertialEciV1,EciCoast,0x0000,0x7e163b4d
283.968750,28.482497366,-78.650164249,206.835938,197.077148,-0.401367,0.851227343,EarthInertialEciV1,EciCoast,0x0000,0x63fd5ec7
284.968750,28.482316366,-78.642172928,206.561768,197.875732,-0.410645,0.854186356,EarthInertialEciV1,EciCoast,0x0000,0x855d806a
285.968750,28.482127682,-78.634198682,206.277588,198.674072,-0.418457,0.857231855,EarthInertialEciV1,EciCoast,0x0000,0xb8d5e68c
286.968750,28.481933022,-78.626214191,205.985107,199.472412,-0.428223,0.860362411,EarthInertialEciV1,EciCoast,0x0000,0x38173ef3
287.968750,28.481738361,-78.618228846,205.683105,200.270264,-0.436523,0.863577604,EarthInertialEciV1,EciCoast,0x0000,0x0f8d4086
288.968750,28.481547116,-78.610251185,205.372314,201.067139,-0.445312,0.866876483,EarthInertialEciV1,EciCoast,0x0000,0xea4e1eb7
289.968750,28.481343064,-78.602259864,205.052734,201.864014,-0.454590,0.870257854,EarthInertialEciV1,EciCoast,0x0000,0x8fc2474b
290.968750,28.481148404,-78.594275372,204.724121,202.661621,-0.463867,0.873721182,EarthInertialEciV1,EciCoast,0x0000,0x5254de73
291.968750,28.480946913,-78.586278075,204.386230,203.458496,-0.472900,0.877265334,EarthInertialEciV1,EciCoast,0x0000,0x8b96a2e4
292.968750,28.480745423,-78.578296145,204.040283,204.254639,-0.482666,0.880889177,EarthInertialEciV1,EciCoast,0x0000,0xbdb02191
293.968750,28.480550762,-78.570295432,203.684814,205.051270,-0.491211,0.884592175,EarthInertialEciV1,EciCoast,0x0000,0xb90a82a7
294.968750,28.480345003,-78.562317771,203.319580,205.846680,-0.500732,0.888373137,EarthInertialEciV1,EciCoast,0x0000,0x940497ec
295.968750,28.480144366,-78.554326450,202.946289,206.642578,-0.510498,0.892231107,EarthInertialEciV1,EciCoast,0x0000,0x897c3d26
296.968750,28.479946290,-78.546328298,202.563721,207.438232,-0.519043,0.896165013,EarthInertialEciV1,EciCoast,0x0000,0x2662d6d8
297.968750,28.479737970,-78.538330147,202.172363,208.233643,-0.528809,0.900174201,EarthInertialEciV1,EciCoast,0x0000,0x79016909
298.968750,28.479539040,-78.530325165,201.771484,209.028809,-0.538086,0.904257536,EarthInertialEciV1,EciCoast,0x0000,0xc0ebe05d
299.968750,28.479327305,-78.522337259,201.361572,209.823242,-0.547852,0.908414245,EarthInertialEciV1,EciCoast,0x0000,0x593531d4
300.968750,28.479115569,-78.514328862,200.943115,210.617920,-0.557861,0.912643075,EarthInertialEciV1,EciCoast,0x0000,0x5d537d80
301.968750,28.478914078,-78.506330710,200.515625,211.412598,-0.566650,0.916943312,EarthInertialEciV1,EciCoast,0x0000,0x1bba1644
302.968750,28.478703196,-78.498329144,200.079102,212.206299,-0.576904,0.921313763,EarthInertialEciV1,EciCoast,0x0000,0xc2329965
303.968750,28.478491460,-78.490319893,199.633545,213.000977,-0.586426,0.925753772,EarthInertialEciV1,EciCoast,0x0000,0x9660f8c2
304.968750,28.478282286,-78.482314912,199.179443,213.794922,-0.596680,0.930262148,EarthInertialEciV1,EciCoast,0x0000,0x92481fd8
305.968750,28.478073965,-78.474311211,198.715332,214.587891,-0.606445,0.934838176,EarthInertialEciV1,EciCoast,0x0000,0x5f90442c
306.968750,28.477858814,-78.466302814,198.242920,215.380859,-0.616455,0.939480782,EarthInertialEciV1,EciCoast,0x0000,0x999a9a25
307.968750,28.477641102,-78.458298686,197.761230,216.174072,-0.626709,0.944189012,EarthInertialEciV1,EciCoast,0x0000,0x32664bfb
308.968750,28.477422536,-78.450286020,197.270508,216.966797,-0.636963,0.948961854,EarthInertialEciV1,EciCoast,0x0000,0x510d8a30
309.968750,28.477213361,-78.442260548,196.770996,217.759521,-0.646240,0.953798771,EarthInertialEciV1,EciCoast,0x0000,0xd74c2726
310.968750,28.476998210,-78.434246175,196.262451,218.551758,-0.657227,0.958698452,EarthInertialEciV1,EciCoast,0x0000,0x289a1712
311.968750,28.476779644,-78.426223264,195.745361,219.343506,-0.667236,0.963660181,EarthInertialEciV1,EciCoast,0x0000,0x8df5a152
312.968750,28.476557663,-78.418205475,195.218506,220.135254,-0.677246,0.968682945,EarthInertialEciV1,EciCoast,0x0000,0x4d94e07c
313.968750,28.476335682,-78.410186833,194.682861,220.926758,-0.687744,0.973766029,EarthInertialEciV1,EciCoast,0x0000,0xb00ead07
314.968750,28.476120531,-78.402157946,194.138184,221.717773,-0.697510,0.978908241,EarthInertialEciV1,EciCoast,0x0000,0xcac2fe6b
315.968750,28.475889158,-78.394138450,193.583984,222.508789,-0.709229,0.984108984,EarthInertialEciV1,EciCoast,0x0000,0xd9bfcd06
316.968750,28.475673153,-78.386103586,193.022217,223.299316,-0.718994,0.989367425,EarthInertialEciV1,EciCoast,0x0000,0xadb5d586
317.968750,28.475441781,-78.378074699,192.449951,224.090088,-0.729980,0.994682491,EarthInertialEciV1,EciCoast,0x0000,0x29b58396
318.968750,28.475224922,-78.370042396,191.869629,224.880371,-0.740479,1.000053406,EarthInertialEciV1,EciCoast,0x0000,0x88d1e609
319.968750,28.475012333,-78.362005825,191.280029,225.671387,-0.750244,1.005479574,EarthInertialEciV1,EciCoast,0x0000,0x9dc4b24b
320.968750,28.474777545,-78.353970108,190.681396,226.460938,-0.761719,1.010959923,EarthInertialEciV1,EciCoast,0x0000,0x0f5682e7
321.968750,28.474548733,-78.345931829,190.073486,227.250244,-0.772217,1.016493559,EarthInertialEciV1,EciCoast,0x0000,0x31a5a521
322.968750,28.474323337,-78.337888427,189.457031,228.039551,-0.782227,1.022079706,EarthInertialEciV1,EciCoast,0x0000,0xff4d4b94
323.968750,28.474090257,-78.329846733,188.831055,228.829102,-0.794434,1.027717710,EarthInertialEciV1,EciCoast,0x0000,0x93ea34ba
324.968750,28.473858884,-78.321800770,188.196045,229.618164,-0.804199,1.033406973,EarthInertialEciV1,EciCoast,0x0000,0x7f2b8ea5
325.968750,28.473633488,-78.313744562,187.553223,230.406494,-0.815918,1.039146245,EarthInertialEciV1,EciCoast,0x0000,0x9668108d
326.968750,28.473394432,-78.305704576,186.899414,231.194336,-0.827637,1.044934988,EarthInertialEciV1,EciCoast,0x0000,0xc5890de0
327.968750,28.473158790,-78.297648368,186.238037,231.982910,-0.838623,1.050772488,EarthInertialEciV1,EciCoast,0x0000,0x8c7a1a60
328.968750,28.472918880,-78.289592160,185.566650,232.771240,-0.849854,1.056658030,EarthInertialEciV1,EciCoast,0x0000,0x5453bdec
329.968750,28.472683238,-78.281536805,184.886230,233.558838,-0.860596,1.062590778,EarthInertialEciV1,EciCoast,0x0000,0xf6738e51
330.968750,28.472441620,-78.273470352,184.197266,234.346191,-0.872314,1.068569958,EarthInertialEciV1,EciCoast,0x0000,0x5f5ea23d
331.968750,28.472209394,-78.265413290,183.498779,235.132812,-0.883057,1.074595153,EarthInertialEciV1,EciCoast,0x0000,0x2d1c28be
332.968750,28.471963507,-78.257346836,182.792480,235.920166,-0.895020,1.080665350,EarthInertialEciV1,EciCoast,0x0000,0x2f02a6bf
333.968750,28.471727012,-78.249285079,182.075684,236.707031,-0.906738,1.086779952,EarthInertialEciV1,EciCoast,0x0000,0xf511b21d
334.968750,28.471485394,-78.241214357,181.350586,237.493408,-0.917480,1.092938364,EarthInertialEciV1,EciCoast,0x0000,0xc778c599
335.968750,28.471239507,-78.233138512,180.616699,238.280273,-0.929199,1.099139810,EarthInertialEciV1,EciCoast,0x0000,0x273beb5b
336.968750,28.471003012,-78.225060959,179.873291,239.066162,-0.940674,1.105383635,EarthInertialEciV1,EciCoast,0x0000,0x3e281c60
337.968750,28.470757125,-78.216980845,179.121094,239.851562,-0.952881,1.111669183,EarthInertialEciV1,EciCoast,0x0000,0x57cbed75
338.968750,28.470508677,-78.208901585,178.359375,240.637207,-0.964600,1.117996037,EarthInertialEciV1,EciCoast,0x0000,0x52741ca9
339.968750,28.470261936,-78.200811226,177.588867,241.422607,-0.976074,1.124363303,EarthInertialEciV1,EciCoast,0x0000,0xccff9858
340.968750,28.470013488,-78.192723428,176.809082,242.208008,-0.987793,1.130770624,EarthInertialEciV1,EciCoast,0x0000,0x88977589
341.968750,28.469764186,-78.184640753,176.020020,242.992676,-0.999512,1.137217224,EarthInertialEciV1,EciCoast,0x0000,0x684f062d
342.968750,28.469514030,-78.176542710,175.223145,243.777588,-1.012451,1.143702269,EarthInertialEciV1,EciCoast,0x0000,0x3b24387a
343.968750,28.469268143,-78.168448936,174.415771,244.561768,-1.023926,1.150225639,EarthInertialEciV1,EciCoast,0x0000,0x57121ec6
344.968750,28.469015426,-78.160342355,173.599854,245.345703,-1.035645,1.156786561,EarthInertialEciV1,EciCoast,0x0000,0xbdd352bc
345.968750,28.468760148,-78.152244312,172.775146,246.129639,-1.048096,1.163384497,EarthInertialEciV1,EciCoast,0x0000,0x30bdb6ec
346.968750,28.468493771,-78.144137732,171.940674,246.913330,-1.060059,1.170018733,EarthInertialEciV1,EciCoast,0x0000,0xc4d8edaf
347.968750,28.468251299,-78.136037127,171.097900,247.696777,-1.072266,1.176688850,EarthInertialEciV1,EciCoast,0x0000,0x9b7baf8b
348.968750,28.467984922,-78.127922009,170.245850,248.480225,-1.084961,1.183394492,EarthInertialEciV1,EciCoast,0x0000,0x63c30664
349.968750,28.467738181,-78.119805183,169.385010,249.263184,-1.097168,1.190135002,EarthInertialEciV1,EciCoast,0x0000,0x27e92704
350.968750,28.467482049,-78.111687503,168.514160,250.045654,-1.108887,1.196909726,EarthInertialEciV1,EciCoast,0x0000,0xedc5e84d
351.968750,28.467219087,-78.103566408,167.635010,250.827881,-1.121582,1.203718185,EarthInertialEciV1,EciCoast,0x0000,0x3441195d
352.968750,28.466960393,-78.095441044,166.746094,251.610840,-1.133789,1.210559964,EarthInertialEciV1,EciCoast,0x0000,0x9eb221de
353.968750,28.466694016,-78.087310558,165.848633,252.392822,-1.146240,1.217434704,EarthInertialEciV1,EciCoast,0x0000,0x0069e533
354.968750,28.466430200,-78.079181779,164.942139,253.174072,-1.158936,1.224341869,EarthInertialEciV1,EciCoast,0x0000,0x6c5d6ed3
355.968750,28.466171506,-78.071053854,164.026123,253.955322,-1.171387,1.231280804,EarthInertialEciV1,EciCoast,0x0000,0xeaf85b42
356.968750,28.465904275,-78.062912268,163.101562,254.737305,-1.184570,1.238251269,EarthInertialEciV1,EciCoast,0x0000,0x6685fca0
357.968750,28.465638752,-78.054771537,162.167480,255.517822,-1.197510,1.245252550,EarthInertialEciV1,EciCoast,0x0000,0x242db408
358.968750,28.465364690,-78.046629097,161.223877,256.298584,-1.209717,1.252284527,EarthInertialEciV1,EciCoast,0x0000,0xdb5d8834
359.968750,28.465102582,-78.038484950,160.272461,257.078857,-1.222900,1.259346604,EarthInertialEciV1,EciCoast,0x0000,0xe463e29a
360.968750,28.464836204,-78.030337389,159.311279,257.859375,-1.235840,1.266438365,EarthInertialEciV1,EciCoast,0x0000,0xfdec833e
361.968750,28.464566412,-78.022171897,158.341064,258.639404,-1.248535,1.273559332,EarthInertialEciV1,EciCoast,0x0000,0x711e4b49
362.968750,28.464288936,-78.014020920,157.360596,259.418945,-1.261475,1.280709028,EarthInertialEciV1,EciCoast,0x0000,0x361806be
363.968750,28.464022558,-78.005852014,156.372314,260.199219,-1.274902,1.287887454,EarthInertialEciV1,EciCoast,0x0000,0x64f1b06a
364.968750,28.463749351,-77.997682254,155.375000,260.978516,-1.288086,1.295093775,EarthInertialEciV1,EciCoast,0x0000,0x8ce5460c
365.968750,28.463470167,-77.989516763,154.368164,261.757324,-1.301270,1.302327931,EarthInertialEciV1,EciCoast,0x0000,0x7f9a90e0
366.968750,28.463190129,-77.981347857,153.351562,262.536133,-1.314697,1.309589326,EarthInertialEciV1,EciCoast,0x0000,0xc23d78a9
367.968750,28.462922898,-77.973172974,152.326660,263.315186,-1.327393,1.316877663,EarthInertialEciV1,EciCoast,0x0000,0xb8c74756
368.968750,28.462633468,-77.964986139,151.292236,264.093506,-1.341309,1.324192584,EarthInertialEciV1,EciCoast,0x0000,0xd8a3eafc
369.968750,28.462367091,-77.956801011,150.249268,264.871094,-1.353760,1.331533730,EarthInertialEciV1,EciCoast,0x0000,0xb844e590
370.968750,28.462082784,-77.948617590,149.196289,265.649170,-1.367676,1.338900626,EarthInertialEciV1,EciCoast,0x0000,0x3eb23db3
371.968750,28.461806162,-77.940418802,148.134766,266.427002,-1.381104,1.346293032,EarthInertialEciV1,EciCoast,0x0000,0xcf786951
372.968750,28.461515879,-77.932215745,147.063477,267.204590,-1.394287,1.353710771,EarthInertialEciV1,EciCoast,0x0000,0xbce0e965
373.968750,28.461235841,-77.924022079,145.983887,267.981445,-1.408691,1.361153245,EarthInertialEciV1,EciCoast,0x0000,0x4b3f3a22
374.968750,28.460959218,-77.915822437,144.895264,268.758789,-1.421631,1.368620217,EarthInertialEciV1,EciCoast,0x0000,0x8735531f
375.968750,28.460668935,-77.907613403,143.797363,269.534912,-1.435547,1.376111746,EarthInertialEciV1,EciCoast,0x0000,0x1a76bc40
376.968750,28.460382067,-77.899400101,142.690186,270.311279,-1.449463,1.383626997,EarthInertialEciV1,EciCoast,0x0000,0xcdc7e0a7
377.968750,28.460089223,-77.891176553,141.572998,271.087891,-1.463135,1.391165912,EarthInertialEciV1,EciCoast,0x0000,0x55cfd955
378.968750,28.459802355,-77.882959835,140.447510,271.863525,-1.477539,1.398727953,EarthInertialEciV1,EciCoast,0x0000,0x971b6323
379.968750,28.459515487,-77.874735434,139.312256,272.639160,-1.490967,1.406313241,EarthInertialEciV1,EciCoast,0x0000,0x3a3f6390
380.968750,28.459224350,-77.866499080,138.168213,273.415283,-1.504883,1.413921237,EarthInertialEciV1,EciCoast,0x0000,0x586df22d
381.968750,28.458930652,-77.858257603,137.014893,274.190430,-1.519043,1.421551585,EarthInertialEciV1,EciCoast,0x0000,0x423f7f45
382.968750,28.458640369,-77.850030640,135.853027,274.965820,-1.532959,1.429204226,EarthInertialEciV1,EciCoast,0x0000,0xd4eed2f6
383.968750,28.458340695,-77.841787455,134.681641,275.739990,-1.547119,1.436878741,EarthInertialEciV1,EciCoast,0x0000,0x98d2563e
384.968750,28.458043581,-77.833535733,133.500732,276.514160,-1.562012,1.444575012,EarthInertialEciV1,EciCoast,0x0000,0xccf17a9d
385.968750,28.457755860,-77.825289133,132.310791,277.288818,-1.575439,1.452292562,EarthInertialEciV1,EciCoast,0x0000,0x11e345dd
386.968750,28.457452770,-77.817034850,131.111084,278.062500,-1.590088,1.460031331,EarthInertialEciV1,EciCoast,0x0000,0x2971f48c
387.968750,28.457154803,-77.808776724,129.903564,278.836914,-1.604492,1.467790961,EarthInertialEciV1,EciCoast,0x0000,0x59542ee8
388.968750,28.456851713,-77.800509634,128.685791,279.610352,-1.618652,1.475571275,EarthInertialEciV1,EciCoast,0x0000,0xc486c154
389.968750,28.456554600,-77.792237421,127.458984,280.383789,-1.632568,1.483372092,EarthInertialEciV1,EciCoast,0x0000,0x08b7ee78
390.968750,28.456249803,-77.783960085,126.223633,281.156982,-1.647949,1.491193116,EarthInertialEciV1,EciCoast,0x0000,0x1f8b6f4e
391.968750,28.455945859,-77.775684457,124.978271,281.929199,-1.662354,1.499034166,EarthInertialEciV1,EciCoast,0x0000,0x60d66e39
392.968750,28.455641916,-77.767396877,123.723877,282.701904,-1.676758,1.506894827,EarthInertialEciV1,EciCoast,0x0000,0xd09726a6
393.968750,28.455335411,-77.759107588,122.459961,283.474365,-1.691406,1.514774978,EarthInertialEciV1,EciCoast,0x0000,0xc210a6c4
394.968750,28.455031468,-77.750813177,121.187744,284.245850,-1.706543,1.522674620,EarthInertialEciV1,EciCoast,0x0000,0xb6831a3d
395.906250,28.454736916,-77.743032738,119.985352,284.969971,-1.719971,1.530097783,EarthFixedEcefV1,EcefEntry,0x0020,0x21c006d2
395.968750,28.454720694,-77.742513644,119.905273,285.018555,-1.720947,1.530593216,EarthFixedEcefV1,EcefEntry,0x0000,0x667ce4bc
396.968750,28.454409067,-77.734211549,118.613770,285.789795,-1.735596,1.538530827,EarthFixedEcefV1,EcefEntry,0x0000,0x3779f986
397.968750,28.454101708,-77.725896647,117.313965,286.561523,-1.750977,1.546487093,EarthFixedEcefV1,EcefEntry,0x0000,0x92f47873
398.968750,28.453790935,-77.717584307,116.004150,287.332520,-1.765869,1.554461896,EarthFixedEcefV1,EcefEntry,0x0000,0x340ab3a1
399.968750,28.453477600,-77.709265137,114.685303,288.103760,-1.780273,1.562454998,EarthFixedEcefV1,EcefEntry,0x0000,0xa98fb787
400.968750,28.453159996,-77.700935721,113.357178,288.874268,-1.795898,1.570466280,EarthFixedEcefV1,EcefEntry,0x0000,0x677068a7
401.968750,28.452845807,-77.692613135,112.020020,289.645020,-1.810791,1.578495502,EarthFixedEcefV1,EcefEntry,0x0000,0xb11a5871
402.968750,28.452535034,-77.684276890,110.673584,290.415771,-1.826172,1.586542428,EarthFixedEcefV1,EcefEntry,0x0000,0x19d7f4a7
403.968750,28.452216576,-77.675943205,109.317871,291.185547,-1.841553,1.594607055,EarthFixedEcefV1,EcefEntry,0x0000,0x0d8f5f1f
404.968750,28.451892142,-77.667593299,107.952393,291.955322,-1.856689,1.602689028,EarthFixedEcefV1,EcefEntry,0x0000,0xfb962be9
405.968750,28.451575392,-77.659243393,106.578369,292.725098,-1.871826,1.610788286,EarthFixedEcefV1,EcefEntry,0x0000,0x8177f184
406.968750,28.451250958,-77.650884095,105.194580,293.494141,-1.887451,1.618904591,EarthFixedEcefV1,EcefEntry,0x0000,0x6ada6285
407.968750,28.450923109,-77.642523943,103.801514,294.263184,-1.902588,1.627037883,EarthFixedEcefV1,EcefEntry,0x0000,0xcaf4a9a0
408.968750,28.450608920,-77.634152693,102.399902,295.031738,-1.917969,1.635187924,EarthFixedEcefV1,EcefEntry,0x0000,0x58cf4033
409.968750,28.450281071,-77.625789980,100.988281,295.800537,-1.933350,1.643353522,EarthFixedEcefV1,EcefEntry,0x0000,0x9a7738be
410.968750,28.449956637,-77.617405923,99.567871,296.568359,-1.949219,1.651534796,EarthFixedEcefV1,EcefEntry,0x0000,0xa5e2d337
411.968750,28.449632203,-77.609025280,98.137939,297.336914,-1.964844,1.659732401,EarthFixedEcefV1,EcefEntry,0x0000,0xf0ee24cb
412.968750,28.449297524,-77.600634393,96.698730,298.104736,-1.980469,1.667945802,EarthFixedEcefV1,EcefEntry,0x0000,0xd49acbdd
413.968750,28.448969675,-77.592240091,95.250488,298.871826,-1.996582,1.676173687,EarthFixedEcefV1,EcefEntry,0x0000,0x095f5b9e
414.968750,28.448640972,-77.583857314,93.792725,299.639160,-2.012207,1.684417427,EarthFixedEcefV1,EcefEntry,0x0000,0x4a210211
415.968750,28.448307147,-77.575446790,92.325439,300.406006,-2.027832,1.692675173,EarthFixedEcefV1,EcefEntry,0x0000,0x04d7be2c
416.968750,28.447975029,-77.567034558,90.848877,301.173584,-2.043701,1.700948298,EarthFixedEcefV1,EcefEntry,0x0000,0x40d65f3c
417.968750,28.447634373,-77.558617204,89.363281,301.939697,-2.059570,1.709235609,EarthFixedEcefV1,EcefEntry,0x0000,0xc780c084
418.968750,28.447315915,-77.550198996,87.869141,302.706543,-2.075439,1.717534006,EarthFixedEcefV1,EcefEntry,0x0000,0x2aca40e9
419.968750,28.446974406,-77.541770542,86.364746,303.471680,-2.091309,1.725842893,EarthFixedEcefV1,EcefEntry,0x0000,0x0ff57528
420.968750,28.446633750,-77.533338674,84.851074,304.238037,-2.107666,1.734161973,EarthFixedEcefV1,EcefEntry,0x0000,0xa9e3c026
421.968750,28.446294802,-77.524899975,83.328369,305.003418,-2.124023,1.742490947,EarthFixedEcefV1,EcefEntry,0x0000,0x40266708
422.968750,28.445957562,-77.516457861,81.796143,305.768555,-2.140137,1.750829816,EarthFixedEcefV1,EcefEntry,0x0000,0x87e6858e
423.968750,28.445616052,-77.508008917,80.254883,306.533447,-2.155762,1.759177923,EarthFixedEcefV1,EcefEntry,0x0000,0x1cb9dfb9
424.968750,28.445273689,-77.499549728,78.704346,307.298340,-2.172607,1.767529607,EarthFixedEcefV1,EcefEntry,0x0000,0x28224fd5
425.968750,28.444929618,-77.491083708,77.144043,308.062500,-2.188721,1.775873423,EarthFixedEcefV1,EcefEntry,0x0000,0xd092f956
426.968750,28.444583840,-77.482621104,75.574707,308.827148,-2.204834,1.784208536,EarthFixedEcefV1,EcefEntry,0x0000,0x4fc0497a
427.968750,28.444242330,-77.474141424,73.996582,309.591064,-2.221436,1.792534232,EarthFixedEcefV1,EcefEntry,0x0000,0x72a0a51c
428.968750,28.443891429,-77.465671136,72.408691,310.354248,-2.238037,1.800849915,EarthFixedEcefV1,EcefEntry,0x0000,0x04d91252
429.968750,28.443545651,-77.457182064,70.812012,311.117920,-2.254639,1.809154987,EarthFixedEcefV1,EcefEntry,0x0000,0x5324778c
430.968750,28.443190481,-77.448688724,69.205566,311.880615,-2.271484,1.817441165,EarthFixedEcefV1,EcefEntry,0x0000,0x421af3c9
431.968750,28.442839580,-77.440197945,67.590088,312.643799,-2.287842,1.825661957,EarthFixedEcefV1,EcefEntry,0x0000,0xc30bec9c
432.968750,28.442493802,-77.431697775,65.965820,313.405029,-2.304199,1.833807230,EarthFixedEcefV1,EcefEntry,0x0000,0xf058a605
433.968750,28.442139486,-77.423194189,64.332764,314.167480,-2.321533,1.841874778,EarthFixedEcefV1,EcefEntry,0x0000,0x0deddf62
434.968750,28.441783462,-77.414684627,62.690186,314.928955,-2.338135,1.849861503,EarthFixedEcefV1,EcefEntry,0x0000,0xeb78e9a0
435.968750,28.441424877,-77.406173358,61.039062,315.689453,-2.354248,1.857764959,EarthFixedEcefV1,EcefEntry,0x0000,0xb8a2aeb2
436.968750,28.441070561,-77.397659527,59.379150,316.450195,-2.371582,1.865568757,EarthFixedEcefV1,EcefEntry,0x0000,0x51bd610b
437.968750,28.440711123,-77.389145696,57.710693,317.209473,-2.388428,1.873121440,EarthFixedEcefV1,EcefEntry,0x0000,0xeb6c55ed
438.968750,28.440355953,-77.380621620,56.033936,317.968506,-2.405029,1.880376995,EarthFixedEcefV1,EcefEntry,0x0000,0x2961542a
439.968750,28.439993953,-77.372097544,54.349121,318.727051,-2.422607,1.887328744,EarthFixedEcefV1,EcefEntry,0x0000,0x8574679a
440.968750,28.439636222,-77.363574322,52.656494,319.484131,-2.439209,1.893969536,EarthFixedEcefV1,EcefEntry,0x0000,0x6e246be8
441.968750,28.439269953,-77.355070309,50.956543,320.240479,-2.456543,1.900293708,EarthFixedEcefV1,EcefEntry,0x0000,0xf7bb7660
442.968750,28.438904538,-77.346553917,49.248779,320.995850,-2.473389,1.906199217,EarthFixedEcefV1,EcefEntry,0x0000,0x1ffa015d
443.968750,28.438546806,-77.338056308,47.535645,321.749023,-2.490967,1.910945594,EarthFixedEcefV1,EcefEntry,0x0000,0x2ec347f7
444.968750,28.438180537,-77.329562968,45.816406,322.500488,-2.507812,1.914374411,EarthFixedEcefV1,EcefEntry,0x0000,0x669ca356
445.968750,28.437815976,-77.321084142,44.093018,323.249512,-2.525146,1.916486621,EarthFixedEcefV1,EcefEntry,0x0000,0x66643f32
446.968750,28.437453122,-77.312637759,42.367188,323.995850,-2.541992,1.917289436,EarthFixedEcefV1,EcefEntry,0x0000,0x6efe931e
447.968750,28.437087707,-77.304226381,40.639160,324.737793,-2.559082,1.916792870,EarthFixedEcefV1,EcefEntry,0x0000,0x8ce2ac77
448.968750,28.436729122,-77.295838909,38.911865,325.476318,-2.576416,1.913987935,EarthFixedEcefV1,EcefEntry,0x0000,0x6ae6092a
449.968750,28.436364561,-77.287512908,37.187012,326.209229,-2.593262,1.905220568,EarthFixedEcefV1,EcefEntry,0x0000,0xae4b9d05
450.968750,28.436005976,-77.279262040,35.472168,326.934814,-2.609863,1.890391231,EarthFixedEcefV1,EcefEntry,0x0000,0x0b530ff6
451.968750,28.435650806,-77.271120454,33.771484,327.649658,-2.626709,1.869873703,EarthFixedEcefV1,EcefEntry,0x0000,0xe8943537
452.968750,28.435295636,-77.263105227,32.090332,328.352783,-2.643311,1.844144523,EarthFixedEcefV1,EcefEntry,0x0000,0x09258388
453.968750,28.434956688,-77.255236849,30.433838,329.041992,-2.658936,1.813758075,EarthFixedEcefV1,EcefEntry,0x0000,0x0747e385
454.968750,28.434618594,-77.247542641,28.805664,329.716064,-2.675049,1.776357830,EarthFixedEcefV1,EcefEntry,0x0000,0x2b6fc805
455.968750,28.434288183,-77.240056754,27.216309,330.369629,-2.690430,1.725918174,EarthFixedEcefV1,EcefEntry,0x0000,0x4ff24a40
456.968750,28.433969726,-77.232838098,25.676270,331.000488,-2.704834,1.664526403,EarthFixedEcefV1,EcefEntry,0x0000,0x8079deb4
457.968750,28.433662367,-77.225921677,24.195312,331.603516,-2.719971,1.592649937,EarthFixedEcefV1,EcefEntry,0x0000,0x0b6ec9bf
458.968750,28.433383183,-77.219374941,22.787354,332.174561,-2.733154,1.503704429,EarthFixedEcefV1,EcefEntry,0x0000,0x1ce156d5
459.968750,28.433105707,-77.213245700,21.463379,332.708496,-2.745850,1.403386593,EarthFixedEcefV1,EcefEntry,0x0000,0x7008e2c5
460.968750,28.432856405,-77.207568959,20.233398,333.201660,-2.756836,1.298451602,EarthFixedEcefV1,EcefEntry,0x0000,0xabc61250
461.968750,28.432617348,-77.202360940,19.098389,333.653809,-2.767822,1.189589024,EarthFixedEcefV1,EcefEntry,0x0000,0xde9eb8b7
462.968750,28.432413296,-77.197652378,18.065430,334.062988,-2.777588,1.075331092,EarthFixedEcefV1,EcefEntry,0x0000,0x99cca44f
463.968750,28.432221197,-77.193421076,17.134521,334.429199,-2.786621,0.964395940,EarthFixedEcefV1,EcefEntry,0x0000,0x0c2d4777
464.968750,28.432058127,-77.189664472,16.300781,334.754883,-2.794434,0.862013400,EarthFixedEcefV1,EcefEntry,0x0000,0x41c624a2
465.968750,28.431907862,-77.186327071,15.555908,335.043945,-2.801270,0.767378330,EarthFixedEcefV1,EcefEntry,0x0000,0x92bf6df9
466.968750,28.431771259,-77.183376429,14.892334,335.298828,-2.807129,0.681669772,EarthFixedEcefV1,EcefEntry,0x0000,0x5306d5a2
467.968750,28.431664537,-77.180784372,14.303467,335.522461,-2.812256,0.602961242,EarthFixedEcefV1,EcefEntry,0x0000,0xa9134f40
468.968750,28.431562084,-77.178514188,13.782715,335.717529,-2.816895,0.532078326,EarthFixedEcefV1,EcefEntry,0x0000,0xc9a48a0e
469.968750,28.431470730,-77.176532580,13.321777,335.888428,-2.821045,0.470410168,EarthFixedEcefV1,EcefEntry,0x0000,0xe280dd00
470.968750,28.431399013,-77.174794296,12.912598,336.037109,-2.824951,0.417248428,EarthFixedEcefV1,EcefEntry,0x0000,0x2b5f74f0
471.968750,28.431323881,-77.173274579,12.548584,336.166504,-2.828125,0.369744956,EarthFixedEcefV1,EcefEntry,0x0000,0xe8261363
472.968750,28.431265825,-77.171953791,12.225586,336.279541,-2.830078,0.328352630,EarthFixedEcefV1,EcefEntry,0x0000,0x63d1278b
473.968750,28.431218013,-77.170798636,11.936768,336.377441,-2.832520,0.293215811,EarthFixedEcefV1,EcefEntry,0x0000,0xfb24140e
474.968750,28.431173617,-77.169780938,11.675781,336.463867,-2.835205,0.267581403,EarthFixedEcefV1,EcefEntry,0x0000,0xdcc46120
475.968750,28.431131782,-77.168866546,11.433838,336.540771,-2.836426,0.249523997,EarthFixedEcefV1,EcefEntry,0x0000,0x6e214cd9
476.718750,28.431104461,-77.168230485,11.261230,336.593750,-2.837891,0.239167452,LocalEnuV1,LocalRecovery,0x0080,0x5f797ea0
476.781250,28.431101900,-77.168179258,11.247803,336.597656,-2.837891,0.232729137,LocalEnuV1,LocalRecovery,0x0040,0xbabba401
476.968750,28.431101046,-77.168028994,11.208008,336.610352,-2.838379,0.215442419,LocalEnuV1,LocalRecovery,0x0000,0x3f149757
477.968750,28.431063480,-77.167435621,11.035645,336.660156,-2.840088,0.156075239,LocalEnuV1,LocalRecovery,0x0000,0x4384b1ae
478.968750,28.431046405,-77.167004466,10.903320,336.694824,-2.840088,0.124836147,LocalEnuV1,LocalRecovery,0x0000,0xed4e91d5
479.968750,28.431032744,-77.166673201,10.793457,336.722168,-2.841553,0.106179774,LocalEnuV1,LocalRecovery,0x0000,0x40ce70c6
480.968750,28.431019938,-77.166407678,10.696777,336.743164,-2.841309,0.094181716,LocalEnuV1,LocalRecovery,0x0000,0x7101df48
481.968750,28.431013108,-77.166208749,10.609131,336.758301,-2.842529,0.086090267,LocalEnuV1,LocalRecovery,0x0000,0x52125750
482.968750,28.431005424,-77.166024334,10.528076,336.771973,-2.842041,0.080450296,LocalEnuV1,LocalRecovery,0x0000,0xcfe104a7
483.968750,28.430996032,-77.165888583,10.450439,336.781006,-2.843018,0.076423705,LocalEnuV1,LocalRecovery,0x0000,0xff41c77d
484.968750,28.430992617,-77.165772470,10.376709,336.788086,-2.842773,0.073491812,LocalEnuV1,LocalRecovery,0x0000,0x89f8d43c
485.968750,28.430984933,-77.165669164,10.304932,336.794189,-2.843262,0.071318626,LocalEnuV1,LocalRecovery,0x0000,0xdc22e452
486.968750,28.430981518,-77.165591470,10.235107,336.798340,-2.843506,0.069681823,LocalEnuV1,LocalRecovery,0x0000,0x3ee1f64f
487.968750,28.430978957,-77.165526583,10.166260,336.801514,-2.843262,0.068427086,LocalEnuV1,LocalRecovery,0x0000,0x15acf0f3
488.968750,28.430974688,-77.165471088,10.098877,336.803467,-2.843750,0.067444384,LocalEnuV1,LocalRecovery,0x0000,0x6d639493
489.968750,28.430972127,-77.165426692,10.031250,336.804199,-2.843750,0.066660464,LocalEnuV1,LocalRecovery,0x0000,0x9cbb4f03
490.968750,28.430965296,-77.165389980,9.965332,336.804199,-2.844238,0.066020131,LocalEnuV1,LocalRecovery,0x0000,0x19b3cb4c
491.968750,28.430972127,-77.165366074,9.899658,336.803955,-2.843994,0.065484643,LocalEnuV1,LocalRecovery,0x0000,0x2ba5ada3
492.968750,28.430961881,-77.165342168,9.834961,336.802490,-2.844727,0.065024734,LocalEnuV1,LocalRecovery,0x0000,0xcae09f6b
493.968750,28.430961028,-77.165321678,9.769775,336.801270,-2.844727,0.064622402,LocalEnuV1,LocalRecovery,0x0000,0xdfa04e34
494.968750,28.430955051,-77.165310579,9.705322,336.799316,-2.844971,0.064260125,LocalEnuV1,LocalRecovery,0x0000,0xcdd7b649
495.968750,28.430958466,-77.165304602,9.641357,336.796387,-2.844971,0.063930035,LocalEnuV1,LocalRecovery,0x0000,0xc906b186
496.968750,28.430951636,-77.165297772,9.577393,336.792969,-2.845459,0.063622534,LocalEnuV1,LocalRecovery,0x0000,0xac3b1950
497.968750,28.430951636,-77.165293503,9.513916,336.790283,-2.845947,0.063333273,LocalEnuV1,LocalRecovery,0x0000,0x9798fac6
498.968750,28.430951636,-77.165297772,9.450928,336.786621,-2.845459,0.063058078,LocalEnuV1,LocalRecovery,0x0000,0x867a59b6
499.968750,28.430947367,-77.165297772,9.388184,336.783691,-2.846191,0.062793076,LocalEnuV1,LocalRecovery,0x0000,0x3bc1b1a3
500.968750,28.430950782,-77.165296918,9.325684,336.780762,-2.845703,0.062537372,LocalEnuV1,LocalRecovery,0x0000,0x32a718ee
501.968750,28.430950782,-77.165297772,9.263184,336.776367,-2.845703,0.062289596,LocalEnuV1,LocalRecovery,0x0000,0x82258401
502.968750,28.430950782,-77.165310579,9.201172,336.772217,-2.845703,0.062047243,LocalEnuV1,LocalRecovery,0x0000,0x680543c4
503.968750,28.430955051,-77.165311433,9.139404,336.768799,-2.845215,0.061810255,LocalEnuV1,LocalRecovery,0x0000,0x5b621aaf
504.968750,28.430950782,-77.165324239,9.077148,336.764648,-2.845459,0.061578214,LocalEnuV1,LocalRecovery,0x0000,0x2074a869
505.968750,28.430947367,-77.165327654,9.015869,336.760986,-2.846191,0.061349869,LocalEnuV1,LocalRecovery,0x0000,0xd25586b7
506.968750,28.430944806,-77.165337899,8.954590,336.756348,-2.846436,0.061126947,LocalEnuV1,LocalRecovery,0x0000,0x02be5e01
507.968750,28.430943952,-77.165348999,8.893555,336.752441,-2.846436,0.060907006,LocalEnuV1,LocalRecovery,0x0000,0xd5ee233b
508.968750,28.430950782,-77.165361805,8.833008,336.748047,-2.845459,0.060690343,LocalEnuV1,LocalRecovery,0x0000,0x7c2c6ba2
509.968750,28.430948221,-77.165362659,8.772461,336.744385,-2.846191,0.060476959,LocalEnuV1,LocalRecovery,0x0000,0x71dce9e1
510.968750,28.430937976,-77.165383149,8.711670,336.739258,-2.846924,0.060266674,LocalEnuV1,LocalRecovery,0x0000,0x0a191d9d
511.968750,28.430937976,-77.165389980,8.651611,336.735596,-2.846680,0.060060024,LocalEnuV1,LocalRecovery,0x0000,0x6306a3ed
512.968750,28.430940537,-77.165389980,8.591797,336.730957,-2.847168,0.059855461,LocalEnuV1,LocalRecovery,0x0000,0xe688f169
513.968750,28.430937976,-77.165409616,8.531982,336.726807,-2.847168,0.059653938,LocalEnuV1,LocalRecovery,0x0000,0x8c5ad738
514.968750,28.430937122,-77.165416447,8.472168,336.722900,-2.846924,0.059456289,LocalEnuV1,LocalRecovery,0x0000,0x532ebcc9
515.968750,28.430937122,-77.165427546,8.413086,336.718262,-2.847412,0.059260070,LocalEnuV1,LocalRecovery,0x0000,0x28937de4
516.968750,28.430937122,-77.165443767,8.354248,336.713623,-2.847900,0.059066534,LocalEnuV1,LocalRecovery,0x0000,0x552148ca
517.968750,28.430937122,-77.165451451,8.295166,336.709473,-2.847168,0.058876216,LocalEnuV1,LocalRecovery,0x0000,0x81315fbe
518.968750,28.430937976,-77.165460843,8.236328,336.705811,-2.847656,0.058688462,LocalEnuV1,LocalRecovery,0x0000,0xb1a33e5c
519.968750,28.430933707,-77.165475357,8.177734,336.701172,-2.847656,0.058502436,LocalEnuV1,LocalRecovery,0x0000,0x5c950308
520.968750,28.430937122,-77.165492433,8.119385,336.697021,-2.847412,0.058319330,LocalEnuV1,LocalRecovery,0x0000,0x9a117f12
521.968750,28.430937122,-77.165502678,8.061279,336.692383,-2.847656,0.058138311,LocalEnuV1,LocalRecovery,0x0000,0x19315760
522.968750,28.430937976,-77.165518900,8.003174,336.688232,-2.847412,0.057958722,LocalEnuV1,LocalRecovery,0x0000,0x50a8fe37
523.968750,28.430930292,-77.165529145,7.945068,336.683838,-2.848145,0.057782173,LocalEnuV1,LocalRecovery,0x0000,0x98309907
524.968750,28.430930292,-77.165542805,7.887451,336.679932,-2.848389,0.057607949,LocalEnuV1,LocalRecovery,0x0000,0xefd970e7
525.968750,28.430930292,-77.165553050,7.829590,336.676025,-2.848389,0.057435989,LocalEnuV1,LocalRecovery,0x0000,0xc769b891
526.968750,28.430927730,-77.165563296,7.772949,336.671875,-2.848389,0.057265639,LocalEnuV1,LocalRecovery,0x0000,0x20e9dfca
527.968750,28.430926877,-77.165576956,7.715088,336.667725,-2.848145,0.057097554,LocalEnuV1,LocalRecovery,0x0000,0xf4fccfd8
528.968750,28.430930292,-77.165588055,7.658691,336.663086,-2.848389,0.056932449,LocalEnuV1,LocalRecovery,0x0000,0xb820eb26
529.968750,28.430926877,-77.165604277,7.601562,336.659180,-2.848145,0.056767642,LocalEnuV1,LocalRecovery,0x0000,0xcaae9bbb
530.968750,28.430930292,-77.165608546,7.545166,336.655273,-2.848145,0.056605637,LocalEnuV1,LocalRecovery,0x0000,0xe9b0d7e5
531.968750,28.430923461,-77.165625621,7.488525,336.650635,-2.849121,0.056445241,LocalEnuV1,LocalRecovery,0x0000,0x1bd3d5ed
532.968750,28.430924315,-77.165635013,7.432129,336.647217,-2.848633,0.056286037,LocalEnuV1,LocalRecovery,0x0000,0xf56e623d
533.968750,28.430923461,-77.165649527,7.376221,336.642578,-2.849121,0.056130409,LocalEnuV1,LocalRecovery,0x0000,0x00bf2f4a
534.968750,28.430924315,-77.165662333,7.320557,336.638428,-2.849121,0.055974483,LocalEnuV1,LocalRecovery,0x0000,0xad531870
535.968750,28.430923461,-77.165672579,7.264404,336.634521,-2.848633,0.055821061,LocalEnuV1,LocalRecovery,0x0000,0xc11ba8da
536.968750,28.430923461,-77.165683678,7.208496,336.630615,-2.848877,0.055669248,LocalEnuV1,LocalRecovery,0x0000,0x468f272b
537.968750,28.430920046,-77.165696484,7.152832,336.626221,-2.848633,0.055519700,LocalEnuV1,LocalRecovery,0x0000,0xd357a907
538.968750,28.430920900,-77.165710145,7.096924,336.622070,-2.849365,0.055372357,LocalEnuV1,LocalRecovery,0x0000,0xc4e56dba
539.968750,28.430916631,-77.165716975,7.041992,336.618164,-2.849609,0.055225253,LocalEnuV1,LocalRecovery,0x0000,0x7acedb4e
540.968750,28.430923461,-77.165737466,6.987061,336.613525,-2.849609,0.055080175,LocalEnuV1,LocalRecovery,0x0000,0xd82c026b
541.968750,28.430917485,-77.165745150,6.931885,336.609619,-2.849854,0.054937363,LocalEnuV1,LocalRecovery,0x0000,0xb9b76ea6
542.968750,28.430916631,-77.165751980,6.876953,336.605713,-2.849854,0.054795265,LocalEnuV1,LocalRecovery,0x0000,0xff5389ee
543.968750,28.430917485,-77.165768201,6.822266,336.602051,-2.849854,0.054653645,LocalEnuV1,LocalRecovery,0x0000,0x31275b9e
544.968750,28.430920046,-77.165779300,6.767334,336.597656,-2.849365,0.054515362,LocalEnuV1,LocalRecovery,0x0000,0xf57575b1
545.968750,28.430920900,-77.165792961,6.713379,336.593506,-2.849609,0.054377615,LocalEnuV1,LocalRecovery,0x0000,0xdec3f931
546.968750,28.430910655,-77.165802352,6.659180,336.589355,-2.849854,0.054241240,LocalEnuV1,LocalRecovery,0x0000,0xad9d7204
547.968750,28.430913216,-77.165816013,6.604980,336.585938,-2.849365,0.054105937,LocalEnuV1,LocalRecovery,0x0000,0x267947da
548.968750,28.430910655,-77.165827112,6.550781,336.581543,-2.850098,0.053972125,LocalEnuV1,LocalRecovery,0x0000,0x64498a72
549.968750,28.430910655,-77.165840772,6.497070,336.577148,-2.850342,0.053839743,LocalEnuV1,LocalRecovery,0x0000,0x2f01bf46
550.968750,28.430910655,-77.165854433,6.443115,336.573730,-2.850586,0.053708971,LocalEnuV1,LocalRecovery,0x0000,0x25effdef
551.968750,28.430913216,-77.165860409,6.389404,336.569824,-2.850098,0.053578556,LocalEnuV1,LocalRecovery,0x0000,0xf589e8e0
552.968750,28.430913216,-77.165871508,6.335938,336.566162,-2.850586,0.053433716,LocalEnuV1,LocalRecovery,0x0000,0x6b3e86ec
553.968750,28.430909801,-77.165881753,6.282471,336.562256,-2.850342,0.053274274,LocalEnuV1,LocalRecovery,0x0000,0x231b32c2
554.968750,28.430910655,-77.165895414,6.229736,336.558105,-2.850586,0.053108275,LocalEnuV1,LocalRecovery,0x0000,0xd9103fc4
555.968750,28.430907240,-77.165908220,6.176758,336.554443,-2.850830,0.052936673,LocalEnuV1,LocalRecovery,0x0000,0x13f956fb
556.968750,28.430909801,-77.165915050,6.123779,336.550537,-2.850586,0.052761734,LocalEnuV1,LocalRecovery,0x0000,0xbb23439a
557.968750,28.430909801,-77.165932126,6.071289,336.546387,-2.850830,0.052585065,LocalEnuV1,LocalRecovery,0x0000,0x33845a2a
558.968750,28.430909801,-77.165936395,6.018555,336.543213,-2.850586,0.052409291,LocalEnuV1,LocalRecovery,0x0000,0x04090928
559.968750,28.430907240,-77.165953470,5.966064,336.538818,-2.851562,0.052235007,LocalEnuV1,LocalRecovery,0x0000,0xd4279f47
560.968750,28.430909801,-77.165963716,5.914062,336.535156,-2.850586,0.052061737,LocalEnuV1,LocalRecovery,0x0000,0x8aad9838
561.968750,28.430903825,-77.165970546,5.861816,336.531250,-2.850830,0.051888883,LocalEnuV1,LocalRecovery,0x0000,0x720b254e
562.968750,28.430909801,-77.165980791,5.810303,336.527832,-2.851318,0.051717162,LocalEnuV1,LocalRecovery,0x0000,0x8f016ff6
563.968750,28.430900410,-77.165997013,5.758545,336.523682,-2.851562,0.051549792,LocalEnuV1,LocalRecovery,0x0000,0xc955f555
564.968750,28.430903825,-77.166007258,5.707275,336.519287,-2.851074,0.051383018,LocalEnuV1,LocalRecovery,0x0000,0xa25f5aa3
565.968750,28.430903825,-77.166017503,5.655762,336.515869,-2.850830,0.051217616,LocalEnuV1,LocalRecovery,0x0000,0x26eba675
566.968750,28.430900410,-77.166031164,5.604248,336.512451,-2.851074,0.051056027,LocalEnuV1,LocalRecovery,0x0000,0xef4bc862
567.968750,28.430903825,-77.166044824,5.553711,336.508057,-2.851562,0.050895035,LocalEnuV1,LocalRecovery,0x0000,0xa972eee2
568.968750,28.430896141,-77.166048239,5.502930,336.504883,-2.852051,0.050737023,LocalEnuV1,LocalRecovery,0x0000,0xfd68a302
569.968750,28.430896994,-77.166058484,5.451904,336.501221,-2.851318,0.050579667,LocalEnuV1,LocalRecovery,0x0000,0xbb64709c
570.968750,28.430896994,-77.166072145,5.402100,336.497314,-2.852295,0.050425887,LocalEnuV1,LocalRecovery,0x0000,0xab5b0e66
571.968750,28.430896141,-77.166082390,5.351562,336.493164,-2.851807,0.050271988,LocalEnuV1,LocalRecovery,0x0000,0xf6cd9b4f
572.968750,28.430893579,-77.166093489,5.301270,336.489746,-2.851807,0.050121605,LocalEnuV1,LocalRecovery,0x0000,0xe8b7197f
573.968750,28.430896141,-77.166103734,5.251465,336.485596,-2.852051,0.049971700,LocalEnuV1,LocalRecovery,0x0000,0xbe227185
574.968750,28.430896141,-77.166113980,5.201660,336.482910,-2.851807,0.049825132,LocalEnuV1,LocalRecovery,0x0000,0x73fbf083
575.968750,28.430896141,-77.166127640,5.151855,336.479248,-2.852295,0.049679637,LocalEnuV1,LocalRecovery,0x0000,0x34bc43fc
576.968750,28.430896994,-77.166137032,5.102051,336.475342,-2.852295,0.049535692,LocalEnuV1,LocalRecovery,0x0000,0x301fae52
577.968750,28.430893579,-77.166154107,5.052979,336.471191,-2.852783,0.049393952,LocalEnuV1,LocalRecovery,0x0000,0x449a657b
578.968750,28.430896994,-77.166158376,5.003418,336.468018,-2.852051,0.049253523,LocalEnuV1,LocalRecovery,0x0000,0x87edd605
579.968750,28.430890164,-77.166168621,4.954102,336.464844,-2.853027,0.049114287,LocalEnuV1,LocalRecovery,0x0000,0x2ab6e1c1
580.968750,28.430896141,-77.166181428,4.905273,336.460938,-2.852783,0.048976064,LocalEnuV1,LocalRecovery,0x0000,0x4a47485a
581.968750,28.430893579,-77.166189112,4.855957,336.457520,-2.852539,0.048839390,LocalEnuV1,LocalRecovery,0x0000,0xa32beef5
582.968750,28.430889311,-77.166199357,4.807373,336.453857,-2.853027,0.048706591,LocalEnuV1,LocalRecovery,0x0000,0x01266884
583.968750,28.430889311,-77.166212164,4.758545,336.450195,-2.852295,0.048574030,LocalEnuV1,LocalRecovery,0x0000,0x4b207527
584.968750,28.430890164,-77.166222409,4.710205,336.446777,-2.852539,0.048442423,LocalEnuV1,LocalRecovery,0x0000,0xb8fd21c8
585.968750,28.430892726,-77.166233508,4.661865,336.442871,-2.852783,0.048313141,LocalEnuV1,LocalRecovery,0x0000,0x37053079
586.968750,28.430893579,-77.166240338,4.614014,336.439453,-2.852539,0.048184216,LocalEnuV1,LocalRecovery,0x0000,0x542029b9
587.968750,28.430892726,-77.166253145,4.565674,336.435791,-2.852295,0.048057258,LocalEnuV1,LocalRecovery,0x0000,0x2e6181cd
588.968750,28.430889311,-77.166263390,4.517334,336.432617,-2.852539,0.047930956,LocalEnuV1,LocalRecovery,0x0000,0x04065dba
589.968750,28.430889311,-77.166266805,4.469971,336.429199,-2.853516,0.047806740,LocalEnuV1,LocalRecovery,0x0000,0x6e0b466b
590.968750,28.430883334,-77.166281319,4.421875,336.424805,-2.853516,0.047683477,LocalEnuV1,LocalRecovery,0x0000,0xe34052bc
591.968750,28.430882480,-77.166291565,4.374512,336.421875,-2.853516,0.047561646,LocalEnuV1,LocalRecovery,0x0000,0x51a12dcd
592.968750,28.430883334,-77.166300956,4.326904,336.418457,-2.853027,0.047441065,LocalEnuV1,LocalRecovery,0x0000,0x80d7edbf
593.968750,28.430885895,-77.166314617,4.279785,336.414551,-2.853271,0.047322094,LocalEnuV1,LocalRecovery,0x0000,0x3f916b82
594.968750,28.430882480,-77.166322301,4.232178,336.411133,-2.853760,0.047203600,LocalEnuV1,LocalRecovery,0x0000,0xde2ab416
595.968750,28.430886749,-77.166329131,4.185059,336.408203,-2.853271,0.047086179,LocalEnuV1,LocalRecovery,0x0000,0x2d2e6ef0
596.968750,28.430883334,-77.166338522,4.137695,336.404541,-2.853027,0.046969414,LocalEnuV1,LocalRecovery,0x0000,0x616f983f
597.968750,28.430883334,-77.166346206,4.091064,336.401123,-2.853516,0.046855330,LocalEnuV1,LocalRecovery,0x0000,0x3e538af7
598.968750,28.430879919,-77.166363282,4.044189,336.397217,-2.853760,0.046742797,LocalEnuV1,LocalRecovery,0x0000,0x20142dd9
599.968750,28.430883334,-77.166373527,3.997803,336.393799,-2.854004,0.046629846,LocalEnuV1,LocalRecovery,0x0000,0x4c60110e
600.968750,28.430882480,-77.166383772,3.951172,336.390381,-2.854004,0.046518564,LocalEnuV1,LocalRecovery,0x0000,0xc9b11716
601.968750,28.430883334,-77.166394017,3.904541,336.387207,-2.853760,0.046406925,LocalEnuV1,LocalRecovery,0x0000,0x2135501f
602.968750,28.430882480,-77.166403409,3.858154,336.383789,-2.853760,0.046298623,LocalEnuV1,LocalRecovery,0x0000,0xbb796b80
603.968750,28.430882480,-77.166414508,3.812256,336.379883,-2.854248,0.046190798,LocalEnuV1,LocalRecovery,0x0000,0x99991765
604.968750,28.430882480,-77.166424753,3.765869,336.376709,-2.854004,0.046082914,LocalEnuV1,LocalRecovery,0x0000,0xc3bf6b41
605.968750,28.430879919,-77.166430730,3.719727,336.373535,-2.854248,0.045976400,LocalEnuV1,LocalRecovery,0x0000,0x1cda815c
606.968750,28.430879919,-77.166441829,3.673828,336.370361,-2.854492,0.045871615,LocalEnuV1,LocalRecovery,0x0000,0x2300671c
607.968750,28.430879065,-77.166451220,3.628418,336.366699,-2.854248,0.045766354,LocalEnuV1,LocalRecovery,0x0000,0x080c4e7c
608.968750,28.430873089,-77.166461466,3.582275,336.363525,-2.854248,0.045662880,LocalEnuV1,LocalRecovery,0x0000,0xb8a24f08
609.968750,28.430882480,-77.166471711,3.537109,336.360352,-2.854736,0.045562148,LocalEnuV1,LocalRecovery,0x0000,0xfc671868
610.968750,28.430876504,-77.166482810,3.491211,336.356689,-2.854492,0.045459747,LocalEnuV1,LocalRecovery,0x0000,0xc08c2d6b
611.968750,28.430875650,-77.166485371,3.446289,336.353516,-2.854736,0.045360208,LocalEnuV1,LocalRecovery,0x0000,0xa41c8cdc
612.968750,28.430875650,-77.166496470,3.400635,336.350098,-2.854736,0.045261204,LocalEnuV1,LocalRecovery,0x0000,0x81adc190
613.968750,28.430875650,-77.166509277,3.355713,336.346924,-2.854248,0.045160770,LocalEnuV1,LocalRecovery,0x0000,0xda048d8b
614.968750,28.430875650,-77.166520376,3.310303,336.343506,-2.854492,0.045064270,LocalEnuV1,LocalRecovery,0x0000,0x6d3e2749
615.968750,28.430873089,-77.166530621,3.265625,336.340332,-2.854980,0.044965327,LocalEnuV1,LocalRecovery,0x0000,0xe0583a96
616.968750,28.430875650,-77.166537451,3.220459,336.336914,-2.855225,0.044871092,LocalEnuV1,LocalRecovery,0x0000,0x2476479f
617.968750,28.430875650,-77.166550258,3.175781,336.333496,-2.854736,0.044774234,LocalEnuV1,LocalRecovery,0x0000,0xec2b5836
618.968750,28.430869674,-77.166557942,3.130859,336.330566,-2.855225,0.044680953,LocalEnuV1,LocalRecovery,0x0000,0x8562aa2f
619.968750,28.430869674,-77.166567334,3.086670,336.326904,-2.854980,0.044585764,LocalEnuV1,LocalRecovery,0x0000,0x1def403a
620.968750,28.430869674,-77.166574164,3.041748,336.323730,-2.854980,0.044494033,LocalEnuV1,LocalRecovery,0x0000,0x066678f9
621.968750,28.430869674,-77.166588678,2.997070,336.320312,-2.855469,0.044400215,LocalEnuV1,LocalRecovery,0x0000,0x55283ba8
622.968750,28.430869674,-77.166594654,2.952881,336.317139,-2.855225,0.044310629,LocalEnuV1,LocalRecovery,0x0000,0x493fc155
623.968750,28.430868820,-77.166604900,2.908936,336.313477,-2.855469,0.044217706,LocalEnuV1,LocalRecovery,0x0000,0xbe9bc54e
624.968750,28.430866259,-77.166615145,2.864502,336.310791,-2.855713,0.044130623,LocalEnuV1,LocalRecovery,0x0000,0x59ef7010
625.968750,28.430868820,-77.166621975,2.820312,336.307861,-2.855469,0.044039845,LocalEnuV1,LocalRecovery,0x0000,0x169c616a
626.968750,28.430869674,-77.166632220,2.776367,336.304199,-2.854980,0.043952227,LocalEnuV1,LocalRecovery,0x0000,0xc5c1a556
627.968750,28.430868820,-77.166639904,2.732666,336.301514,-2.855469,0.043864191,LocalEnuV1,LocalRecovery,0x0000,0x83de706e
628.968750,28.430868820,-77.166650150,2.688965,336.297119,-2.855225,0.043776214,LocalEnuV1,LocalRecovery,0x0000,0x7f0f0d2b
629.968750,28.430868820,-77.166660395,2.645264,336.294678,-2.855469,0.043691218,LocalEnuV1,LocalRecovery,0x0000,0xf94b5ca8
630.968750,28.430862844,-77.166669786,2.601318,336.291992,-2.855957,0.043604195,LocalEnuV1,LocalRecovery,0x0000,0xd2676324
631.968750,28.430865405,-77.166676617,2.558105,336.288086,-2.855957,0.043519020,LocalEnuV1,LocalRecovery,0x0000,0xaa7ee7e0
632.968750,28.430861990,-77.166691131,2.514648,336.284912,-2.856445,0.043435931,LocalEnuV1,LocalRecovery,0x0000,0x884311b7
633.968750,28.430861990,-77.166701376,2.471191,336.281738,-2.855957,0.043350875,LocalEnuV1,LocalRecovery,0x0000,0xb32eed4f
634.968750,28.430865405,-77.166707352,2.427734,336.278809,-2.856445,0.043268383,LocalEnuV1,LocalRecovery,0x0000,0x7390845b
635.968750,28.430862844,-77.166715036,2.384277,336.275635,-2.855713,0.043187201,LocalEnuV1,LocalRecovery,0x0000,0x8e0b461e
636.968750,28.430859428,-77.166725282,2.341553,336.272705,-2.856445,0.043103993,LocalEnuV1,LocalRecovery,0x0000,0x184ac052
637.968750,28.430862844,-77.166738942,2.298096,336.268799,-2.855957,0.043022394,LocalEnuV1,LocalRecovery,0x0000,0xf70d3f92
638.968750,28.430859428,-77.166745772,2.255127,336.265869,-2.856445,0.042943835,LocalEnuV1,LocalRecovery,0x0000,0xfc9c8b68
639.968750,28.430859428,-77.166755164,2.212402,336.262451,-2.856201,0.042863071,LocalEnuV1,LocalRecovery,0x0000,0x99e9d790
640.968750,28.430859428,-77.166761994,2.169678,336.259521,-2.856201,0.042782247,LocalEnuV1,LocalRecovery,0x0000,0x6c14a24b
641.968750,28.430858575,-77.166776508,2.127197,336.255859,-2.856201,0.042705238,LocalEnuV1,LocalRecovery,0x0000,0x9ed93e71
642.968750,28.430861990,-77.166782484,2.084229,336.253418,-2.856201,0.042627692,LocalEnuV1,LocalRecovery,0x0000,0x3447b0a3
643.968750,28.430858575,-77.166786753,2.041992,336.250000,-2.856934,0.042549849,LocalEnuV1,LocalRecovery,0x0000,0x731020ec
644.968750,28.430856013,-77.166800414,1.999512,336.247314,-2.856934,0.042471170,LocalEnuV1,LocalRecovery,0x0000,0xa888001f
645.968750,28.430852598,-77.166810659,1.956787,336.243652,-2.857178,0.042395532,LocalEnuV1,LocalRecovery,0x0000,0xdec9c1a6
646.968750,28.430856013,-77.166820051,1.914062,336.240723,-2.856689,0.042320371,LocalEnuV1,LocalRecovery,0x0000,0xd19ac85f
647.968750,28.430852598,-77.166827735,1.872314,336.237549,-2.857422,0.042245150,LocalEnuV1,LocalRecovery,0x0000,0xc9798b46
648.968750,28.430856013,-77.166837126,1.829834,336.234375,-2.857178,0.042169154,LocalEnuV1,LocalRecovery,0x0000,0x5bc0158d
649.968750,28.430856013,-77.166848225,1.787354,336.231201,-2.856689,0.042093456,LocalEnuV1,LocalRecovery,0x0000,0xd988683a
650.968750,28.430852598,-77.166858470,1.745850,336.228271,-2.857422,0.042021155,LocalEnuV1,LocalRecovery,0x0000,0x4fc96647
651.968750,28.430855160,-77.166865301,1.704102,336.225098,-2.857178,0.041948736,LocalEnuV1,LocalRecovery,0x0000,0x6cceeaed
652.968750,28.430852598,-77.166867862,1.662109,336.222412,-2.856934,0.041876495,LocalEnuV1,LocalRecovery,0x0000,0x878440b3
653.968750,28.430852598,-77.166878961,1.619629,336.219482,-2.857178,0.041803777,LocalEnuV1,LocalRecovery,0x0000,0x567410e8
654.031250,28.430851744,-77.166885791,1.617432,336.218750,-2.857178,0.041798949,LocalEnuV1,LocalRecovery,0x0100,0x7cb3a6b3
654.968750,28.430852598,-77.166882376,1.608154,336.218506,-2.857666,0.006172597,LocalEnuV1,LocalRecovery,0x0000,0xf9add802
655.968750,28.430855160,-77.166888352,1.601807,336.217285,-2.856689,0.005901337,LocalEnuV1,LocalRecovery,0x0000,0x56fe0ecc
656.968750,28.430851744,-77.166884937,1.596436,336.217529,-2.857422,0.005902231,LocalEnuV1,LocalRecovery,0x0000,0xf2a9dc3e
657.968750,28.430856013,-77.166888352,1.590088,336.216797,-2.857178,0.005904973,LocalEnuV1,LocalRecovery,0x0000,0xe120a003
658.968750,28.430856013,-77.166885791,1.584473,336.216797,-2.857178,0.005902946,LocalEnuV1,LocalRecovery,0x0000,0x3c7d7ddc
659.968750,28.430855160,-77.166891768,1.578613,336.215820,-2.857178,0.005902827,LocalEnuV1,LocalRecovery,0x0000,0x8829ce9f
660.968750,28.430855160,-77.166892621,1.572754,336.215576,-2.857178,0.005904496,LocalEnuV1,LocalRecovery,0x0000,0x3625ce7a
661.968750,28.430855160,-77.166892621,1.566895,336.215332,-2.857422,0.005901515,LocalEnuV1,LocalRecovery,0x0000,0xf59c069c
662.968750,28.430855160,-77.166892621,1.560791,336.215088,-2.857666,0.005900502,LocalEnuV1,LocalRecovery,0x0000,0xfa2f261a
663.968750,28.430855160,-77.166891768,1.554932,336.214355,-2.857422,0.005901217,LocalEnuV1,LocalRecovery,0x0000,0x8d59c0c2
664.968750,28.430855160,-77.166896036,1.548828,336.213623,-2.857666,0.005897403,LocalEnuV1,LocalRecovery,0x0000,0x6075a1f2
665.968750,28.430851744,-77.166895183,1.543457,336.213379,-2.857422,0.005888760,LocalEnuV1,LocalRecovery,0x0000,0x0025b6b5
666.968750,28.430855160,-77.166902013,1.537109,336.213135,-2.857178,0.005875587,LocalEnuV1,LocalRecovery,0x0000,0x05a812a3
667.968750,28.430851744,-77.166898598,1.531250,336.212646,-2.857178,0.005857706,LocalEnuV1,LocalRecovery,0x0000,0x68e98820
668.968750,28.430852598,-77.166902867,1.525635,336.212158,-2.857422,0.005848289,LocalEnuV1,LocalRecovery,0x0000,0x118a27a7
669.968750,28.430855160,-77.166902867,1.519775,336.211670,-2.857422,0.005847096,LocalEnuV1,LocalRecovery,0x0000,0x3cc0d5f6
670.968750,28.430852598,-77.166906282,1.513916,336.211182,-2.857422,0.005847871,LocalEnuV1,LocalRecovery,0x0000,0x19690e83
671.968750,28.430849183,-77.166902867,1.507812,336.211182,-2.857910,0.005843937,LocalEnuV1,LocalRecovery,0x0000,0xb929eaa7
672.968750,28.430852598,-77.166906282,1.501709,336.210449,-2.857422,0.005848587,LocalEnuV1,LocalRecovery,0x0000,0xa7180011
673.968750,28.430852598,-77.166905428,1.496338,336.209961,-2.857666,0.005848467,LocalEnuV1,LocalRecovery,0x0000,0x290c9cef
674.968750,28.430851744,-77.166909697,1.490234,336.209961,-2.857422,0.005843878,LocalEnuV1,LocalRecovery,0x0000,0xf556ba82
675.968750,28.430851744,-77.166909697,1.484863,336.209473,-2.857910,0.005847573,LocalEnuV1,LocalRecovery,0x0000,0x90f59f95
676.968750,28.430851744,-77.166909697,1.478760,336.208496,-2.857666,0.005846739,LocalEnuV1,LocalRecovery,0x0000,0xb88654b9
677.968750,28.430855160,-77.166913112,1.472412,336.208252,-2.857178,0.005847871,LocalEnuV1,LocalRecovery,0x0000,0x18d1a34d
678.968750,28.430851744,-77.166915673,1.467041,336.208008,-2.857178,0.005844355,LocalEnuV1,LocalRecovery,0x0000,0xe4f53e54
679.968750,28.430851744,-77.166916527,1.460938,336.207764,-2.857178,0.005842805,LocalEnuV1,LocalRecovery,0x0000,0x6eda98cb
680.968750,28.430851744,-77.166919088,1.455078,336.207031,-2.857422,0.005843163,LocalEnuV1,LocalRecovery,0x0000,0xd8ff9fee
681.968750,28.430852598,-77.166919088,1.449707,336.206787,-2.857666,0.005845487,LocalEnuV1,LocalRecovery,0x0000,0xe5864d67
682.968750,28.430855160,-77.166919942,1.443848,336.205811,-2.857178,0.005843163,LocalEnuV1,LocalRecovery,0x0000,0xd6c4b510
683.968750,28.430852598,-77.166919088,1.437988,336.206299,-2.857178,0.005842805,LocalEnuV1,LocalRecovery,0x0000,0x159d580f
684.968750,28.430851744,-77.166923357,1.432373,336.204834,-2.857910,0.005844414,LocalEnuV1,LocalRecovery,0x0000,0x38e0a0ba
685.968750,28.430845768,-77.166919088,1.426270,336.205322,-2.857422,0.005841613,LocalEnuV1,LocalRecovery,0x0000,0xf3adfa1c
686.968750,28.430852598,-77.166923357,1.420166,336.204102,-2.857666,0.005840600,LocalEnuV1,LocalRecovery,0x0000,0x215f3686
687.968750,28.430851744,-77.166922503,1.414551,336.204590,-2.857666,0.005841613,LocalEnuV1,LocalRecovery,0x0000,0x58c4e806
688.968750,28.430852598,-77.166925918,1.408447,336.203613,-2.857178,0.005844593,LocalEnuV1,LocalRecovery,0x0000,0xdbc1f0e8
689.000000,28.430852598,-77.166922503,1.408203,336.203613,-2.857178,0.005840898,LocalEnuV1,LocalRecovery,0x0200,0x24966c27
